activity_type,average_cadence,average_hr,average_speed,chip_time,distance,elevation_gain,event_type,id,kudos,location,max_hr,max_speed,position,run_type,suffer_score,time,timestamp
Run,0.0,0.0,16.4844,1092,5.0,0.0,PR,1807281354,1,Hertford,0.0,0.0,2,S,0.0,1092,2018-08-25 01:00:00
Run,0.0,169.9,15.620399999999998,1127,4.9033,58.0,W,1817344422,5,Hertford,178.0,25.2,0,S,55.0,1127,2018-09-03 20:14:06
Run,0.0,0.0,16.7436,1075,5.0,0.0,R,1821995859,10,Hatfield,0.0,0.0,32,S,0.0,1075,2018-09-05 19:45:13
Run,0.0,0.0,16.347600000000003,1101,5.0,0.0,PR,1826965116,6,Hertford,0.0,0.0,2,S,0.0,1101,2018-09-08 09:00:56
Run,0.0,167.9,14.5368,1998,8.093,97.0,W,1830984968,6,Welwyn Garden City,190.0,21.96,0,M,85.0,1998,2018-09-09 19:49:18
Run,0.0,0.0,15.4836,1137,4.8597,73.4,W,1832956022,6,Welwyn Garden City,0.0,21.6,0,S,0.0,1137,2018-09-10 20:30:45
Run,0.0,0.0,16.4844,1092,5.0,0.0,PR,1842987085,6,Hertford,0.0,0.0,3,S,0.0,1092,2018-09-15 09:00:00
Run,0.0,0.0,14.1192,2550,10.0,0.0,W,1847294196,5,Welwyn Garden City,0.0,0.0,0,M,0.0,2550,2018-09-17 09:24:27
Run,0.0,0.0,16.4232,1096,5.0,0.0,R,1853006370,9,Hatfield,0.0,0.0,35,S,0.0,1096,2018-09-19 19:45:00
Run,0.0,0.0,14.2812,2803,10.1209,126.2,W,1854532368,7,Hertford,0.0,20.16,0,M,0.0,2803,2018-09-20 16:38:34
Run,0.0,0.0,16.38,1099,5.0,0.0,PR,1857902033,7,Hertford,0.0,0.0,2,S,0.0,1099,2018-09-22 09:00:00
Run,0.0,0.0,13.7304,2622,10.0,0.0,W,1862331364,6,Welwyn Garden City,0.0,0.0,0,M,0.0,2622,2018-09-24 09:20:47
Run,0.0,0.0,15.8148,1123,4.9337,52.7,W,1867104614,6,Hertford,0.0,22.32,0,S,0.0,1123,2018-09-26 16:46:25
Run,0.0,0.0,16.588800000000006,1085,5.0,0.0,PR,1872555370,12,Hertford,0.0,0.0,1,S,0.0,1085,2018-09-29 09:00:00
Run,0.0,0.0,13.798800000000002,4191,16.0485,205.2,W,1876028417,10,Welwyn Garden City,0.0,27.36,0,L,0.0,4191,2018-09-30 16:43:01
Run,0.0,0.0,14.2956,2520,10.0071,126.5,W,1877798851,10,Hertford,0.0,20.88,0,M,0.0,2520,2018-10-01 17:04:00
Run,0.0,0.0,16.758000000000006,1074,5.0,0.0,R,1882361101,10,Hatfield,0.0,0.0,28,S,0.0,1074,2018-10-03 19:45:00
Run,0.0,0.0,16.6968,1078,5.0,0.0,PR,1887241249,9,Hatfield,0.0,0.0,3,S,0.0,1078,2018-10-06 09:00:00
Run,0.0,0.0,14.2848,2514,9.9516,130.9,W,1891574278,8,Welwyn Garden City,0.0,29.52,0,M,0.0,2514,2018-10-08 09:26:18
Run,0.0,0.0,14.3532,1933,7.706,87.2,W,1896871823,7,Welwyn Garden City,0.0,20.16,0,S,0.0,1933,2018-10-10 20:11:33
Run,0.0,0.0,16.4844,1092,5.0,0.0,PR,1901741659,8,Hatfield,0.0,0.0,1,S,0.0,1092,2018-10-13 09:00:00
Run,0.0,0.0,15.5376,2317,10.0,0.0,R,1904482788,9,Harpenden,0.0,0.0,12,M,0.0,2317,2018-10-14 10:00:00
Run,0.0,0.0,15.9696,1139,5.0172,53.3,W,1910670406,9,Hertford,0.0,21.6,0,S,0.0,1139,2018-10-17 17:15:01
Run,0.0,0.0,14.8824,2413,9.9513,121.3,W,1915631994,12,Welwyn Garden City,0.0,22.32,0,M,0.0,2413,2018-10-20 09:10:50
Run,0.0,0.0,14.5224,2481,10.0094,70.6,W,1920356845,7,Hertford,0.0,19.8,0,M,0.0,2481,2018-10-22 10:15:22
Run,0.0,0.0,16.7436,1075,5.0,0.0,PR,1929767235,10,Hatfield,0.0,0.0,3,S,0.0,1075,2018-10-27 09:00:10
Run,0.0,0.0,16.074,1802,8.0467,0.0,R,1932824805,10,Waltham Cross,0.0,0.0,48,M,0.0,1802,2018-10-28 11:00:00
Run,0.0,0.0,16.790399999999998,1072,5.0,0.0,PR,1942935742,13,Hatfield,0.0,0.0,4,S,0.0,1072,2018-11-03 09:00:00
Run,0.0,0.0,14.6808,2452,10.0,0.0,R,1945373292,13,London,0.0,0.0,6,M,0.0,2452,2018-11-04 09:30:27
Run,0.0,0.0,14.0724,4013,15.6852,103.3,W,1947565210,10,Hertford,0.0,19.8,0,M,0.0,4013,2018-11-05 14:23:50
Run,0.0,0.0,16.8552,1068,5.0,0.0,PR,1956322981,12,Hatfield,0.0,0.0,5,S,0.0,1068,2018-11-10 09:00:00
Run,0.0,0.0,12.8844,5688,20.0394,231.8,W,1958284547,6,Welwyn Garden City,0.0,37.8,0,L,0.0,5688,2018-11-11 09:46:32
Run,0.0,155.4,15.829200000000002,1118,4.9163999999999985,12.4,W,1969249469,9,Hatfield,160.0,21.6,0,S,32.0,1118,2018-11-17 10:09:03
Run,0.0,0.0,14.8572,5113,21.1,0.0,R,1971573913,11,Knebworth,0.0,0.0,23,L,0.0,5113,2018-11-18 09:30:00
Run,0.0,166.3,14.1768,2506,9.8679,24.7,W,1980625275,9,Hatfield,190.0,19.44,0,M,99.0,2506,2018-11-23 15:19:04
Run,0.0,0.0,16.318800000000003,1765,8.0,0.0,R,1984320686,14,Hatfield,0.0,0.0,27,M,0.0,1765,2018-11-25 10:00:00
Run,0.0,172.7,13.8888,2555,9.7343,75.3,W,1985636421,9,Hertford,208.0,23.76,0,M,126.0,2555,2018-11-26 09:33:38
Run,0.0,0.0,16.5132,1090,5.0,0.0,PR,1994128219,9,Hatfield,0.0,0.0,4,S,0.0,1090,2018-12-01 09:00:00
Run,0.0,0.0,15.444,1865,8.0,0.0,R,1996389369,12,Barnet,0.0,0.0,44,M,0.0,1865,2018-12-02 10:30:00
Run,0.0,172.8,14.58,1222,4.8477,29.3,W,2001078643,13,Hertford,202.0,19.8,0,S,49.0,1222,2018-12-05 07:58:03
Run,0.0,0.0,16.470000000000002,1093,5.0,0.0,PR,2006263877,10,Hatfield,0.0,0.0,3,S,0.0,1093,2018-12-08 09:00:00
Run,0.0,0.0,15.5916,2309,10.0,0.0,R,2008814980,13,London,0.0,0.0,16,M,0.0,2309,2018-12-09 09:00:56
Run,0.0,0.0,16.8228,1070,5.0,0.0,PR,2018009843,14,Hatfield,0.0,0.0,3,S,0.0,1070,2018-12-15 09:00:00
Run,0.0,0.0,15.8868,1813,8.0,0.0,R,2020910026,6,Stevenage,0.0,0.0,50,M,0.0,1813,2018-12-16 10:30:00
Run,0.0,0.0,17.5032,617,3.0,0.0,W,2027065200,6,Welwyn Garden City,0.0,0.0,0,I,0.0,617,2018-12-20 19:00:00
Run,0.0,175.2,13.1904,2524,9.249,106.8,W,2028511938,9,Welwyn Garden City,205.0,20.88,0,M,125.0,2524,2018-12-21 19:42:22
Run,0.0,0.0,16.470000000000002,1093,5.0,0.0,PR,2034563513,11,Hertford,0.0,0.0,8,S,0.0,1093,2018-12-25 09:00:00
Run,88.4,166.8,13.3056,1844,6.801,137.1,W,2035993054,9,Welwyn Garden City,184.0,24.48,0,I,71.0,1844,2018-12-26 09:52:29
Run,85.6,158.8,13.3992,2454,9.1337,105.4,W,2038868398,12,Welwyn Garden City,174.0,19.08,0,M,79.0,2454,2018-12-27 18:42:29
Run,88.6,174.7,16.6536,1065,4.931,10.5,PR,2041484077,14,Hatfield,189.0,20.52,4,S,60.0,1066,2018-12-29 09:02:26
Run,81.5,157.9,12.2508,1892,6.3969,56.0,W,2045210201,13,Welwyn Garden City,183.0,21.96,0,I,57.0,1892,2018-12-30 20:14:55
Run,84.2,151.5,12.9492,3896,14.0137,150.4,W,2051319403,10,Welwyn Garden City,172.0,21.6,0,M,94.0,3896,2019-01-02 19:42:09
Run,86.8,153.8,14.13,2105,8.263,62.0,W,2053392135,9,Welwyn Garden City,178.0,21.6,0,I,56.0,2105,2019-01-03 18:54:00
Run,89.3,171.0,16.6032,1070,4.953600000000002,10.4,PR,2056545343,13,Hatfield,184.0,24.12,1,S,56.0,1074,2019-01-05 09:02:34
Run,83.4,146.4,11.7684,5290,17.1862,136.2,W,2059084656,13,Welwyn Garden City,169.0,15.12,0,L,94.0,5290,2019-01-06 09:06:48
Run,86.1,164.4,13.9284,2002,7.745100000000001,135.7,W,2065105318,10,Welwyn Garden City,182.0,21.96,0,I,81.0,2002,2019-01-08 20:03:30
Run,85.5,152.1,13.0104,3881,14.0114,150.2,W,2067316718,13,Welwyn Garden City,175.0,20.16,0,M,96.0,3881,2019-01-09 18:42:05
Run,87.9,158.3,13.8996,2074,7.9967,62.5,W,2069646811,8,Welwyn Garden City,181.0,21.24,0,I,64.0,2074,2019-01-10 19:57:50
Run,88.9,175.6,16.4484,1079,4.9342,10.5,PR,2072553836,12,Hatfield,187.0,22.32,3,S,64.0,1080,2019-01-12 09:04:54
Run,86.5,177.1,14.6772,2294,9.6334,168.8,R,2075332277,19,Watford,193.0,21.24,35,M,144.0,2363,2019-01-13 10:31:39
Run,87.8,163.0,14.075999999999999,2019,7.8739,135.2,W,2081062871,11,Welwyn Garden City,185.0,21.6,0,I,78.0,2019,2019-01-15 19:22:55
Run,86.4,148.8,12.7188,3683,13.0137,125.0,W,2083529066,13,Welwyn Garden City,178.0,16.92,0,M,77.0,3683,2019-01-16 20:05:08
Run,89.6,159.2,14.0184,2336,9.0376,69.4,W,2085495854,13,Welwyn Garden City,172.0,20.88,0,I,74.0,2336,2019-01-17 19:17:38
Run,88.3,176.1,15.4188,3763,16.124000000000002,162.9,R,2091075105,22,St Albans,183.0,20.88,39,L,235.0,3765,2019-01-20 10:00:01
Run,88.8,166.1,13.5504,2377,8.9355,66.4,W,2096712118,12,Welwyn Garden City,190.0,20.52,0,I,101.0,2377,2019-01-22 19:37:12
Run,86.8,148.8,13.0536,3865,14.0127,109.2,W,2098842528,11,Welwyn Garden City,166.0,17.64,0,M,86.0,3865,2019-01-23 19:08:01
Run,90.9,168.8,15.9264,1317,5.8266,0.0,W,2100772666,10,Welwyn Garden City,186.0,22.32,0,I,62.0,1317,2019-01-24 18:56:11
Run,86.7,156.1,13.1148,2200,8.015,84.1,W,2100968638,8,Welwyn Garden City,169.0,19.08,0,M,66.0,2200,2019-01-24 20:05:16
Run,89.9,175.9,16.2,1099,4.9541,10.6,PR,2103793596,11,Hatfield,188.0,19.44,5,S,66.0,1101,2019-01-26 09:02:50
Run,86.5,162.8,13.3992,4310,16.0234,208.4,W,2104756352,10,Welwyn Garden City,179.0,20.52,0,L,160.0,4310,2019-01-26 15:02:34
Run,88.9,160.0,13.842,2646,10.0053,83.8,W,2109702664,11,Welwyn Garden City,175.0,28.08,0,I,87.0,2646,2019-01-28 19:55:34
Run,86.7,154.7,13.8168,1568,5.8523999999999985,67.4,W,2113016252,5,Welwyn Garden City,177.0,18.72,0,S,43.0,1568,2019-01-29 18:51:26
Run,0.0,0.0,14.655600000000005,1965,8.0,0.0,W,2124527513,9,Treadmill,0.0,0.0,0,M,0.0,1965,2019-02-04 21:00:00
Run,0.0,0.0,13.8456,2340,9.0,0.0,W,2126745486,8,Treadmill,0.0,0.0,0,M,0.0,2340,2019-02-05 20:34:57
Run,0.0,0.0,13.68,3600,13.6795,0.0,W,2131109737,6,Treadmill,0.0,0.0,0,M,0.0,3600,2019-02-07 20:35:41
Run,0.0,0.0,13.503600000000002,4290,16.0935,0.0,W,2132961358,8,Treadmill,0.0,0.0,0,L,0.0,4290,2019-02-08 20:16:57
Run,85.5,146.4,12.8052,2536,9.0069,75.1,W,2139774036,16,Welwyn Garden City,173.0,24.840000000000003,0,M,47.0,2536,2019-02-11 20:10:58
Run,87.9,162.8,14.187600000000002,2323,9.1561,75.4,W,2141978725,15,Welwyn Garden City,175.0,20.16,0,I,88.0,2323,2019-02-12 19:54:01
Run,84.9,156.8,13.265999999999998,5974,22.0152,228.9,W,2148824554,14,Welwyn Garden City,178.0,18.36,0,L,180.0,5974,2019-02-14 15:02:24
Run,88.6,170.2,15.868800000000002,2263,10.1775,51.4,R,2154903754,9,London,184.0,20.88,9,M,113.0,2309,2019-02-17 09:31:30
Run,84.9,155.9,13.2408,6831,25.0107,282.3,W,2160342266,13,Welwyn Garden City,177.0,22.32,0,L,195.0,6831,2019-02-19 13:48:36
Run,87.3,163.6,14.0364,2592,10.0912,83.7,W,2165593023,13,Welwyn Garden City,181.0,23.76,0,I,99.0,2592,2019-02-21 19:15:05
Run,86.2,157.3,13.6296,4781,18.013099999999994,206.3,W,2174004750,15,Welwyn Garden City,176.0,25.56,0,L,145.0,4781,2019-02-25 08:22:52
Run,87.4,170.1,14.3568,2531,10.0701,84.7,W,2182456758,14,Welwyn Garden City,188.0,25.2,0,I,124.0,2531,2019-02-28 20:17:58
Run,86.1,167.2,14.1228,2550,10.0024,56.4,W,2192270620,18,Welwyn Garden City,176.0,17.64,0,M,112.0,2550,2019-03-05 09:34:33
Run,85.0,165.1,13.3344,5403,20.0118,103.3,W,2201720122,15,Hertford,183.0,20.16,0,L,225.0,5403,2019-03-09 14:04:03
Run,86.1,157.8,13.752,4714,18.0061,205.6,W,2206497708,12,Welwyn Garden City,189.0,22.68,0,L,139.0,4714,2019-03-11 15:42:10
Run,86.0,162.3,14.1012,3168,12.0067,74.8,W,2210819544,10,Welwyn Garden City,172.0,21.24,0,M,110.0,3168,2019-03-13 14:46:10
Run,84.3,158.3,13.042800000000002,3865,14.0047,162.7,W,2215144029,14,Welwyn Garden City,180.0,21.96,0,M,125.0,3865,2019-03-15 15:34:40
Run,83.9,150.4,12.5784,9162,32.0098,23.7,W,2219169712,13,Hertford,170.0,20.88,0,L,199.0,9162,2019-03-17 08:23:22
Run,84.1,161.9,13.5504,3813,14.0093,162.5,W,2227172514,11,Welwyn Garden City,176.0,20.88,0,M,137.0,3813,2019-03-20 15:01:22
Run,85.7,175.9,14.331600000000002,5266,20.9642,98.2,R,2236525096,28,London,188.0,45.0,85,L,313.0,5266,2019-03-24 09:30:07
Run,0.0,0.0,12.2436,2940,10.0,0.0,W,2248034095,3,Treadmill,0.0,0.0,0,M,0.0,2940,2019-03-28 20:56:14
Run,0.0,0.0,12.4128,4350,15.0,0.0,W,2252382209,10,Treadmill,0.0,0.0,0,M,0.0,4350,2019-03-30 15:15:02
Run,0.0,0.0,11.9988,2400,8.0,0.0,W,2262946903,8,Treadmill,0.0,0.0,0,M,0.0,2400,2019-04-03 20:00:40
Run,82.7,132.2,10.299600000000002,283,0.8012,13.4,W,2266943099,7,Welwyn Garden City,144.0,19.8,0,WU,1.0,283,2019-04-05 16:41:46
Run,83.5,169.6,12.6252,12096,42.4166,102.5,R,2271688574,35,Manchester,204.0,16.92,1906,L,554.0,12096,2019-04-07 09:03:26
Run,83.5,158.1,13.3056,1896,7.0067,51.1,W,2286702950,12,Hertford,184.0,19.8,0,S,60.0,1896,2019-04-13 14:36:54
Run,0.0,0.0,13.3344,2700,10.0,0.0,W,2295098332,12,Treadmill,0.0,0.0,0,M,0.0,2700,2019-04-16 20:23:38
Run,82.9,157.8,12.8448,2250,8.0072,87.7,W,2339321059,12,Welwyn Garden City,181.0,19.08,0,M,70.0,2250,2019-05-03 20:13:04
Run,84.6,159.3,13.302,3161,10.0055,116.7,W,2346118247,14,Welwyn Garden City,175.0,21.24,0,M,88.0,3161,2019-05-06 11:12:48
Run,0.0,0.0,10.71,2726,8.0355,65.1,W,2352290179,9,Hertford,0.0,16.56,0,M,0.0,2726,2019-05-08 18:57:43
Run,84.2,163.9,13.338,2701,10.008,123.7,W,2355889365,12,Welwyn Garden City,178.0,20.52,0,M,108.0,2701,2019-05-10 11:07:00
Run,81.0,153.7,11.9592,2411,8.0091,96.7,W,2404936403,11,Welwyn Garden City,179.0,17.28,0,M,64.0,2411,2019-05-28 21:19:20
Run,84.4,168.0,14.2056,1512,5.9656,50.1,W,2410135380,11,Welwyn Garden City,190.0,23.76,0,I,67.0,1512,2019-05-30 20:55:14
Run,82.2,163.8,13.035600000000002,2768,10.011000000000001,127.6,W,2412534300,12,Welwyn Garden City,176.0,23.040000000000006,0,M,108.0,2768,2019-05-31 20:16:52
Run,81.4,181.5,13.2516,2720,10.0124,83.5,W,2417394320,15,Welwyn Garden City,196.0,21.24,0,M,178.0,2720,2019-06-02 13:16:02
Run,84.0,173.2,14.094,1698,6.647,115.3,W,2423668488,7,Welwyn Garden City,191.0,24.12,0,I,93.0,1698,2019-06-04 19:35:29
Run,81.7,152.8,12.546,3445,12.0057,124.2,W,2426588529,11,Welwyn Garden City,169.0,22.32,0,M,86.0,3445,2019-06-05 19:48:27
Run,83.7,171.8,14.331600000000002,1785,7.1058,58.5,W,2429188828,8,Welwyn Garden City,186.0,22.32,0,I,94.0,1785,2019-06-06 19:58:33
Run,82.3,159.5,12.837600000000002,3928,14.0089,157.3,W,2435850487,13,Welwyn Garden City,186.0,23.040000000000006,0,M,133.0,3928,2019-06-09 11:12:47
Run,81.8,149.2,12.3948,2326,8.0094,91.7,W,2439928705,13,Welwyn Garden City,168.0,19.8,0,M,51.0,2326,2019-06-10 19:49:48
Run,85.1,177.5,14.6988,2390,10.0801,83.7,R,2447734267,29,Royston,187.0,23.040000000000006,89,M,145.0,2469,2019-06-13 19:48:04
Run,83.1,164.5,13.1184,2747,10.0092,115.7,W,2455658821,14,Welwyn Garden City,178.0,20.52,0,M,109.0,2747,2019-06-16 17:39:34
Run,82.6,160.0,13.0752,2758,10.0162,125.6,W,2458386146,12,Welwyn Garden City,178.0,20.16,0,M,91.0,2758,2019-06-17 19:40:45
Run,84.2,178.9,14.687999999999999,2316,9.6256,136.3,R,2466656675,22,London,190.0,30.24,81,M,149.0,2359,2019-06-20 19:44:19
Run,81.0,165.1,12.4956,2596,9.009799999999998,106.7,W,2474148341,11,Welwyn Garden City,179.0,19.08,0,M,106.0,2596,2019-06-23 14:24:31
Run,82.0,157.5,13.7556,1309,5.0012,33.9,W,2477476969,8,Hertford,176.0,19.44,0,S,39.0,1309,2019-06-24 19:57:36
Run,83.0,168.5,14.2344,1792,7.0621,58.2,W,2480188898,7,Welwyn Garden City,185.0,21.24,0,I,83.0,1792,2019-06-25 19:58:57
Run,79.8,173.2,12.7908,3959,14.0113,151.8,W,2484914850,12,Welwyn Garden City,188.0,19.8,0,M,218.0,3959,2019-06-27 15:07:12
Run,85.1,182.7,16.023600000000002,1108,4.9317,10.6,PR,2488990956,12,Hatfield,197.0,20.88,3,S,72.0,1108,2019-06-29 09:03:14
Run,80.9,156.2,12.747600000000002,2262,8.0097,90.6,W,2498913766,11,Welwyn Garden City,172.0,20.88,0,M,66.0,2262,2019-07-02 20:05:58
Run,83.5,182.6,14.7744,2430,9.9764,147.4,R,2504627191,23,Barnet,196.0,23.040000000000006,72,M,161.0,2431,2019-07-04 19:50:21
Run,81.8,150.9,12.4272,2313,7.9835,90.9,W,2515520825,13,Welwyn Garden City,170.0,17.64,0,S,56.0,2313,2019-07-08 19:55:01
Run,83.8,181.3,14.799600000000005,2428,9.9741,75.7,R,2524106340,26,Welwyn Garden City,191.0,23.76,78,M,159.0,2426,2019-07-11 19:45:35
Run,82.5,148.0,12.5676,2869,10.0145,103.6,W,2534975295,7,Welwyn Garden City,168.0,20.52,0,M,60.0,2869,2019-07-15 19:42:06
Run,80.8,157.7,13.5252,1865,7.007000000000001,39.8,W,2537990071,14,Hertford,173.0,20.52,0,S,56.0,1865,2019-07-16 20:16:31
Run,80.7,152.5,12.5676,2866,10.0064,113.9,W,2543755287,10,Welwyn Garden City,174.0,19.44,0,M,69.0,2866,2019-07-18 20:34:47
Run,85.3,177.8,16.059600000000003,1106,4.9379,10.6,PR,2547056909,18,Hatfield,191.0,21.96,5,S,64.0,1107,2019-07-20 09:06:04
Run,81.1,161.1,12.708,3968,14.0078,151.7,W,2550046544,10,Welwyn Garden City,180.0,21.24,0,M,138.0,3968,2019-07-21 09:27:23
Run,80.1,160.5,13.3776,1348,5.0086,7.3,W,2557201561,6,Hertford,173.0,20.16,0,S,45.0,1348,2019-07-23 19:27:52
Run,80.0,158.9,12.3768,2911,10.0074,115.6,W,2562951585,8,Welwyn Garden City,177.0,18.36,0,M,90.0,2911,2019-07-25 20:17:25
Run,86.2,169.7,16.430400000000002,1080,4.9382,10.6,PR,2566399890,12,Hatfield,191.0,24.12,4,S,50.0,1082,2019-07-27 09:03:58
Run,81.1,152.2,12.5064,4606,16.0035,208.7,W,2569700805,12,Welwyn Garden City,170.0,19.8,0,L,113.0,4606,2019-07-28 11:11:48
Run,79.1,149.5,12.6576,1709,6.0093000000000005,23.0,W,2573821042,7,Hertford,163.0,18.72,0,S,39.0,1709,2019-07-29 20:43:48
Run,80.3,162.3,12.5388,4596,16.0076,203.0,W,2581650808,13,Welwyn Garden City,177.0,20.16,0,L,168.0,4596,2019-08-01 15:34:12
Run,80.3,145.4,12.564000000000002,2867,10.0065,118.0,W,2609535030,9,Welwyn Garden City,161.0,16.92,0,M,51.0,2867,2019-08-11 12:03:29
Run,79.0,146.4,12.2904,3518,12.0107,131.1,W,2616543404,11,Welwyn Garden City,162.0,19.44,0,M,63.0,3518,2019-08-13 20:07:35
Run,78.5,144.3,12.1608,2962,10.0049,118.3,W,2622347438,9,Welwyn Garden City,169.0,16.56,0,M,44.0,2962,2019-08-15 20:41:15
Run,85.3,178.2,16.311600000000002,1085,4.9159,10.6,PR,2625909390,14,Hatfield,193.0,20.16,4,S,64.0,1085,2019-08-17 09:03:13
Run,80.6,146.3,11.844,4863,16.0014,181.0,W,2629056983,14,Welwyn Garden City,168.0,24.12,0,L,85.0,4863,2019-08-18 09:41:34
Run,80.0,148.6,12.175199999999998,3551,12.0084,134.5,W,2636438506,13,Welwyn Garden City,172.0,20.16,0,M,73.0,3551,2019-08-20 19:46:21
Run,83.2,165.1,14.3532,2045,8.1424,67.0,W,2642313608,14,Welwyn Garden City,186.0,23.76,0,I,81.0,2045,2019-08-22 19:52:43
Run,80.6,163.8,13.517999999999999,2665,10.0078,88.3,W,2649208231,13,Welwyn Garden City,180.0,21.96,0,M,101.0,2665,2019-08-25 09:06:16
Run,85.9,176.5,16.7832,1073,5.0073,6.2,R,2659907238,25,Hatfield,189.0,19.8,26,S,62.0,1074,2019-08-28 19:45:05
Run,80.1,147.6,12.437999999999999,2963,10.0089,122.7,W,2662915864,11,Welwyn Garden City,179.0,17.28,0,M,57.0,2963,2019-08-29 20:27:18
Run,79.8,154.7,13.0608,1932,7.0086,105.7,W,2673933382,9,Welwyn Garden City,172.0,17.64,0,S,52.0,1932,2019-09-02 18:16:58
Run,80.0,152.3,12.7728,3385,12.0096,126.3,W,2677420646,12,Welwyn Garden City,172.0,18.36,0,M,79.0,3385,2019-09-03 19:21:23
Run,83.8,162.6,14.2668,2070,8.1563,63.0,W,2683113610,12,Welwyn Garden City,179.0,23.4,0,I,76.0,2070,2019-09-05 20:46:58
Run,86.1,171.4,16.4952,1075,4.9255,10.6,PR,2686450439,17,Hatfield,193.0,21.96,5,S,54.0,1075,2019-09-07 09:01:59
Run,81.1,153.6,13.212,2999,11.0066,134.1,W,2691579673,15,Welwyn Garden City,200.0,20.16,0,M,77.0,2999,2019-09-08 17:35:56
Run,86.3,178.6,16.6788,1074,4.976,6.2,R,2700110809,29,Hatfield,193.0,24.48,31,S,64.0,1074,2019-09-11 19:45:04
Run,81.1,164.7,13.2948,3792,14.0045,172.4,W,2702009241,12,Welwyn Garden City,180.0,21.96,0,M,152.0,3792,2019-09-12 13:21:59
Run,80.7,160.6,12.9888,2774,10.007700000000002,116.5,W,2711459846,10,Welwyn Garden City,186.0,21.96,0,M,94.0,2774,2019-09-15 15:54:34
Run,83.1,157.3,14.2524,2059,8.1526,66.7,W,2714579959,10,Welwyn Garden City,175.0,21.96,0,I,60.0,2059,2019-09-16 19:36:05
Run,80.4,143.9,12.798,2535,9.0127,105.8,W,2717789138,10,Welwyn Garden City,163.0,17.28,0,M,40.0,2535,2019-09-17 20:34:46
Run,85.5,173.7,16.4664,1080,4.9399,12.9,PR,2726742455,15,Hatfield,190.0,22.68,2,S,59.0,1080,2019-09-21 09:02:08
Run,81.0,154.2,12.9384,2785,10.0087,120.3,W,2731231452,10,Welwyn Garden City,179.0,20.16,0,M,72.0,2785,2019-09-22 15:35:00
Run,85.4,170.9,16.498800000000006,1076,4.927,6.0,R,2739650274,19,Hatfield,188.0,20.52,31,S,53.0,1075,2019-09-25 19:45:03
Run,79.6,144.7,12.276000000000002,3228,11.0059,133.5,W,2743199768,9,Welwyn Garden City,166.0,15.840000000000002,0,M,54.0,3228,2019-09-26 19:34:28
Run,79.2,142.1,12.0096,2700,9.0078,106.3,W,2744556999,10,Welwyn Garden City,163.0,16.2,0,M,36.0,2700,2019-09-27 19:37:05
Run,81.2,154.0,13.125600000000002,2756,10.0073,92.2,W,2748520987,14,Welwyn Garden City,172.0,19.8,0,M,70.0,2756,2019-09-29 09:41:32
Run,80.4,147.0,12.4524,2924,10.0139,119.8,W,2755296607,10,Welwyn Garden City,155.0,18.0,0,M,56.0,2924,2019-10-01 19:26:17
Run,83.0,149.1,14.3964,1518,6.0108000000000015,50.0,W,2760518834,9,Welwyn Garden City,172.0,27.72,0,I,28.0,1518,2019-10-03 19:46:34
Run,81.5,151.6,13.330800000000002,4956,15.0089,168.0,W,2767975792,14,Welwyn Garden City,180.0,20.88,0,M,97.0,4956,2019-10-06 14:56:08
Run,79.9,143.6,12.405600000000002,2324,8.0094,118.6,W,2778444688,10,Welwyn Garden City,165.0,18.36,0,M,34.0,2324,2019-10-09 21:04:59
Run,80.8,151.4,13.2876,2185,8.0136,124.4,W,2786550713,14,Welwyn Garden City,168.0,19.44,0,M,51.0,2185,2019-10-13 17:16:48
Run,78.6,144.1,11.9592,2424,8.0091,126.0,W,2791795058,12,Welwyn Garden City,176.0,16.92,0,M,37.0,2424,2019-10-15 21:00:45
Run,78.7,146.3,12.0456,2704,9.0101,126.1,W,2796737579,12,Welwyn Garden City,165.0,18.0,0,M,49.0,2704,2019-10-17 20:32:42
Run,83.9,173.5,15.5232,1839,7.9563000000000015,107.1,R,2802869484,29,Waltham Cross,192.0,27.36,45,S,99.0,1845,2019-10-20 11:01:23
Run,78.4,149.4,12.4236,2900,10.0076,118.4,W,2834713015,5,Welwyn Garden City,170.0,19.8,0,M,63.0,2900,2019-10-25 16:38:03
Run,85.3,170.0,16.214399999999998,1107,4.9818,32.5,PR,2834714318,24,Hertford,195.0,21.24,1,S,52.0,1106,2019-11-02 09:01:59
Run,79.0,147.3,12.005999999999998,2701,9.0068,127.6,W,2844947889,11,Welwyn Garden City,166.0,18.36,0,M,50.0,2701,2019-11-05 20:34:28
Run,78.5,141.3,12.0204,2098,7.006,107.5,W,2848681653,7,Welwyn Garden City,161.0,18.0,0,S,25.0,2098,2019-11-07 21:06:04
Run,85.7,145.6,16.498800000000006,1089,4.990399999999998,33.0,PR,2851511242,16,Hertford,155.0,19.8,5,S,20.0,1089,2019-11-09 09:01:18
Run,80.2,156.4,13.042800000000002,4440,16.0094,208.5,W,2854794955,15,Welwyn Garden City,180.0,20.52,0,L,126.0,4440,2019-11-10 11:18:09
Run,80.5,154.0,12.6432,4872,17.112299999999998,211.6,W,2871266969,14,Welwyn Garden City,171.0,22.32,0,L,127.0,4872,2019-11-17 10:54:27
Run,78.6,144.1,12.2508,2369,8.01,110.5,W,2879655685,9,Welwyn Garden City,169.0,17.64,0,M,36.0,2369,2019-11-20 20:46:54
Run,84.0,176.7,15.879600000000002,1824,8.0549,17.0,R,2887542635,22,Hatfield,195.0,23.76,43,M,104.0,1826,2019-11-24 10:00:46
Run,77.8,144.0,12.024000000000001,2400,8.014899999999999,110.3,W,2901383662,6,Welwyn Garden City,166.0,16.56,0,M,38.0,2400,2019-11-28 21:10:28
Run,83.1,175.9,14.7348,1881,7.6916,131.3,R,2903714412,23,Barnet,194.0,24.12,48,S,108.0,1879,2019-12-01 10:30:41
Run,78.6,138.7,12.2148,2476,8.3614,112.5,W,2907026370,9,Welwyn Garden City,163.0,16.56,0,M,24.0,2476,2019-12-02 20:21:03
Run,78.3,147.1,12.2472,2407,8.1893,132.2,W,2916423121,6,Welwyn Garden City,170.0,18.36,0,M,46.0,2407,2019-12-03 20:39:29
Run,85.2,180.6,16.0848,1118,4.995100000000001,33.4,PR,2916469944,17,Hertford,197.0,22.68,2,S,71.0,1118,2019-12-07 09:04:32
Run,80.7,155.6,13.0176,4426,16.003899999999998,208.4,W,2920069069,14,Welwyn Garden City,174.0,17.64,0,L,122.0,4426,2019-12-08 11:40:37
Run,78.8,142.2,12.459600000000002,1507,5.2159,66.7,W,2924872773,9,Welwyn Garden City,165.0,19.44,0,S,20.0,1507,2019-12-10 21:05:17
Run,79.6,143.6,12.4992,1489,5.1695,66.5,W,2928920339,11,Welwyn Garden City,167.0,17.64,0,S,23.0,1489,2019-12-12 19:55:19
Run,85.3,166.2,16.3224,1101,4.992,34.0,PR,2931498218,14,Hertford,190.0,23.4,1,S,46.0,1101,2019-12-14 09:01:46
Run,85.5,175.4,16.2756,1098,4.9644,32.8,PR,2946215645,15,Hertford,196.0,23.4,2,S,58.0,1098,2019-12-21 09:04:55
Run,81.0,153.4,12.7656,4796,17.0087,210.5,W,2949150873,14,Welwyn Garden City,174.0,20.88,0,L,119.0,4796,2019-12-22 11:18:10
Run,85.6,180.2,16.488,1089,4.9922,32.3,PR,2954988988,18,Hertford,195.0,22.68,9,S,67.0,1090,2019-12-25 09:04:31
Run,80.1,142.2,13.071600000000002,1930,7.0078999999999985,107.6,W,2956884370,12,Welwyn Garden City,162.0,18.72,0,S,27.0,1930,2019-12-26 09:23:25
Run,85.5,160.1,16.4232,1093,4.9868000000000015,33.3,PR,2961763437,19,Hertford,183.0,25.2,1,S,37.0,1093,2019-12-28 09:01:17
Run,86.0,168.7,16.768800000000002,1075,5.0075,33.4,PR,2972222569,23,Hertford,179.0,20.52,4,S,49.0,1075,2020-01-01 09:01:48
Run,81.8,157.5,13.3632,4084,15.007,178.1,W,2983999775,18,Welwyn Garden City,172.0,20.52,0,M,121.0,4084,2020-01-05 10:58:08
Run,80.5,143.7,12.527999999999999,2336,8.048399999999999,110.3,W,2988437720,10,Welwyn Garden City,167.0,18.0,0,M,34.0,2336,2020-01-06 21:00:44
Run,81.2,146.0,13.1616,1383,5.0569,66.4,W,2991334300,12,Welwyn Garden City,168.0,20.88,0,S,25.0,1383,2020-01-07 21:02:49
Run,82.9,163.7,14.565600000000002,2057,8.277899999999999,65.7,W,2996991528,9,Welwyn Garden City,180.0,21.6,0,I,80.0,2057,2020-01-09 20:42:56
Run,83.5,181.1,14.616,2348,9.5286,175.6,R,3004106991,24,Watford,191.0,23.040000000000006,32,M,153.0,2347,2020-01-12 10:31:07
Run,80.4,147.3,12.902399999999998,1445,5.1328000000000005,64.6,W,3011745332,11,Welwyn Garden City,165.0,20.88,0,S,28.0,1445,2020-01-14 21:01:08
Run,81.4,150.9,12.888,2324,8.3189,133.6,W,3015296035,11,Welwyn Garden City,170.0,18.72,0,M,52.0,2324,2020-01-15 20:28:55
Run,83.7,154.8,14.4576,1624,6.5214,112.8,W,3017615097,11,Welwyn Garden City,180.0,22.32,0,I,46.0,1624,2020-01-16 21:02:42
Run,86.4,174.4,16.8228,1058,4.9445,12.9,PR,3020908369,16,Hatfield,196.0,27.0,2,S,55.0,1058,2020-01-18 09:08:17
Run,82.6,143.2,13.3056,2533,9.3631,143.2,W,3028890085,11,Welwyn Garden City,158.0,18.72,0,M,36.0,2533,2020-01-20 19:51:15
Run,85.1,166.1,15.066,2011,8.416,65.6,W,3031654196,14,Welwyn Garden City,181.0,24.840000000000003,0,I,88.0,2011,2020-01-21 19:24:32
Run,82.4,142.4,13.14,1415,5.165,66.4,W,3037443047,13,Welwyn Garden City,169.0,18.72,0,S,20.0,1415,2020-01-23 19:47:57
Run,86.3,177.2,16.5708,1075,4.9433,12.9,PR,3040924780,15,Hatfield,195.0,21.6,1,S,62.0,1074,2020-01-25 09:03:48
Run,83.3,150.9,13.6692,2741,10.327,124.7,W,3044905086,11,Welwyn Garden City,171.0,21.24,0,M,64.0,2741,2020-01-26 11:13:17
Run,80.6,140.4,12.2652,2919,9.945200000000002,152.0,W,3051948113,10,Welwyn Garden City,171.0,17.28,0,M,32.0,2919,2020-01-28 19:46:55
Run,84.4,166.6,14.9328,2009,8.3329,65.9,W,3054456437,12,Welwyn Garden City,181.0,22.32,0,I,88.0,2009,2020-01-29 18:13:25
Run,86.4,143.9,16.8876,1050,4.9253,12.9,PR,3061139289,15,Hatfield,197.0,20.88,1,S,15.0,1050,2020-02-01 09:04:39
Run,81.8,153.1,13.4496,3051,11.3998,126.1,W,3064951923,13,Welwyn Garden City,169.0,20.52,0,M,76.0,3051,2020-02-02 10:53:20
Run,80.6,142.2,12.574800000000002,2837,9.9094,101.4,W,3069206231,11,Welwyn Garden City,167.0,18.36,0,M,38.0,2837,2020-02-03 19:08:56
Run,83.7,146.3,13.3452,1531,5.6568000000000005,16.6,W,3073525786,11,Hertford,165.0,18.36,0,S,26.0,1531,2020-02-05 11:02:31
Run,86.5,159.3,17.082,1275,6.0166,0.0,W,3077602109,6,Welwyn Garden City,181.0,23.4,0,I,43.0,1275,2020-02-06 18:53:00
Run,83.6,145.7,12.7224,4129,14.5923,166.2,W,3085366693,15,Welwyn Garden City,171.0,25.92,0,M,69.0,4129,2020-02-09 10:13:58
Run,79.7,133.7,11.9844,2893,9.5057,144.4,W,3088899767,12,Welwyn Garden City,161.0,19.08,0,M,20.0,2893,2020-02-10 19:02:58
Run,83.2,136.2,14.2992,5342,13.5242,63.8,W,3091569134,18,Welwyn Garden City,161.0,24.12,0,I,28.0,5342,2020-02-11 18:18:12
Run,81.8,142.8,12.639600000000002,2466,8.6577,102.8,W,3096151418,9,Welwyn Garden City,169.0,20.88,0,M,36.0,2466,2020-02-13 10:56:11
Run,85.6,173.7,16.142400000000002,1103,4.9455,12.9,PR,3101510285,13,Hatfield,192.0,19.8,1,S,56.0,1103,2020-02-15 09:02:17
Run,82.0,142.5,12.4632,3207,11.0842,121.9,W,3107306152,8,Welwyn Garden City,160.0,23.76,0,M,46.0,3207,2020-02-17 10:02:33
Run,80.8,136.0,11.8944,2921,8.7695,131.5,W,3111848361,9,Welwyn Garden City,161.0,16.92,0,M,22.0,2921,2020-02-18 18:06:32
Run,84.0,151.5,13.8312,3383,11.1871,0.0,W,3117367456,11,Welwyn Garden City,185.0,24.12,0,I,65.0,3383,2020-02-20 18:35:22
Run,81.0,141.0,12.0492,778,2.6042,2.1,W,3121032425,1,Hertford,158.0,19.08,0,WU,9.0,778,2020-02-22 08:42:49
Run,85.7,173.4,16.164,1091,5.0067,36.2,PR,3121033650,16,Hertford,195.0,25.56,1,S,58.0,1238,2020-02-22 09:02:55
Run,81.9,140.3,12.6504,2830,9.9443,118.4,W,3124325868,10,Welwyn Garden City,170.0,18.72,0,M,34.0,2830,2020-02-23 08:34:33
Run,84.5,153.3,12.6252,4038,11.2442,56.2,W,3131802476,16,Welwyn Garden City,186.0,26.64,0,I,69.0,4038,2020-02-25 18:34:37
Run,79.4,137.2,12.2904,2776,9.4769,144.4,W,3134814172,14,Welwyn Garden City,163.0,17.64,0,M,25.0,2776,2020-02-26 20:09:31
Run,83.3,141.8,12.924000000000001,3279,9.8538,0.0,W,3137118618,17,Welwyn Garden City,178.0,23.4,0,I,36.0,3279,2020-02-27 18:32:52
Run,81.3,134.3,11.466,842,2.6721,0.0,W,3140850827,4,Hertford,146.0,16.2,0,WU,4.0,842,2020-02-29 08:41:27
Run,84.7,159.7,15.6456,1150,5.015,39.1,PR,3140853012,17,Hertford,183.0,20.88,1,S,38.0,1154,2020-02-29 09:01:43
Run,80.9,142.7,12.3624,2646,9.086200000000002,152.8,W,3147112086,17,Welwyn Garden City,170.0,23.040000000000006,0,M,38.0,2646,2020-03-02 07:07:13
Run,84.0,147.9,11.502,4695,9.6673,62.2,W,3151516748,19,Welwyn Garden City,181.0,23.4,0,I,47.0,4695,2020-03-03 18:36:28
Run,81.8,147.6,13.0068,3241,9.6781,0.0,W,3157172164,10,Welwyn Garden City,182.0,24.48,0,I,50.0,3241,2020-03-05 18:30:15
Run,81.0,141.6,12.4236,4772,16.467,182.6,W,3164583613,18,Welwyn Garden City,165.0,20.16,0,L,66.0,4772,2020-03-08 08:14:42
Run,80.2,141.2,12.783600000000002,2023,7.1625,18.8,W,3168044859,11,Hertford,155.0,17.28,0,S,25.0,2023,2020-03-09 10:21:32
Run,78.5,139.4,11.6496,3263,10.5418,153.5,W,3192421487,13,Welwyn Garden City,163.0,16.92,0,M,34.0,3263,2020-03-17 18:44:15
Run,79.2,141.1,12.24,2522,8.576,81.6,W,3195481075,12,Welwyn Garden City,163.0,16.56,0,M,30.0,2522,2020-03-18 18:54:29
Run,79.8,146.7,11.019600000000002,4854,14.6713,167.0,W,3199653405,16,Welwyn Garden City,170.0,23.76,0,M,87.0,4854,2020-03-20 08:06:56
Run,79.3,146.9,12.51,5327,18.5043,232.8,W,3206019360,16,Welwyn Garden City,163.0,20.16,0,L,100.0,5327,2020-03-22 08:05:54
Run,79.2,142.9,12.5316,3107,10.665299999999998,156.1,W,3214603399,16,Welwyn Garden City,165.0,19.8,0,M,43.0,3107,2020-03-24 19:12:02
Run,78.1,144.1,12.2652,1015,3.4583000000000004,55.0,W,3221485286,5,Welwyn Garden City,163.0,16.2,0,WU,15.0,1015,2020-03-26 18:52:22
Run,83.0,160.7,14.6484,1499,6.0998,50.3,W,3221486681,14,Welwyn Garden City,181.0,23.4,0,I,52.0,1499,2020-03-26 19:11:47
Run,80.1,132.5,12.1104,631,2.1227,15.0,W,3221487211,3,Welwyn Garden City,152.0,16.2,0,WD,4.0,631,2020-03-26 19:40:04
Run,80.8,141.2,12.8736,4445,15.2817,163.4,W,3226333723,21,Welwyn Garden City,170.0,23.76,0,M,62.0,4445,2020-03-28 08:16:14
Run,81.8,147.6,13.2048,4092,15.0112,173.7,W,3234227832,19,Welwyn Garden City,169.0,27.72,0,M,76.0,4092,2020-03-30 10:47:58
Run,80.9,149.3,13.1436,2288,8.342799999999999,122.5,W,3239724069,14,Welwyn Garden City,167.0,19.44,0,M,46.0,2288,2020-03-31 19:25:17
Run,80.0,145.3,12.8484,969,3.4585,19.8,W,3247506051,1,Welwyn Garden City,172.0,17.28,0,WU,17.0,969,2020-04-02 19:28:35
Run,79.6,161.6,13.446,1623,5.9834,34.3,W,3247507649,13,Welwyn Garden City,188.0,24.840000000000003,0,I,57.0,1623,2020-04-02 19:46:03
Run,80.1,142.9,11.7684,646,2.1118,10.5,W,3247508267,2,Welwyn Garden City,162.0,19.44,0,WD,9.0,646,2020-04-02 20:20:05
Run,80.5,153.5,12.8232,4904,17.4268,170.2,W,3252798387,21,Welwyn Garden City,179.0,22.32,0,L,127.0,4904,2020-04-04 08:45:45
Run,79.3,155.5,12.5532,2858,9.8377,174.4,W,3262744078,14,Welwyn Garden City,178.0,18.36,0,M,77.0,2858,2020-04-06 16:01:29
Run,79.8,147.8,13.0824,991,3.4737,24.0,W,3268219553,3,Welwyn Garden City,164.0,18.0,0,WU,19.0,991,2020-04-07 19:10:16
Run,79.8,155.8,14.5584,1394,5.6368,16.0,W,3268221219,8,Welwyn Garden City,180.0,23.4,0,I,39.0,1394,2020-04-07 19:30:27
Run,79.8,145.2,12.0564,485,1.6245,5.3,W,3268221925,2,Welwyn Garden City,165.0,18.0,0,WD,8.0,485,2020-04-07 19:59:56
Run,81.1,143.8,12.621599999999999,2284,8.0068,120.3,W,3274443776,14,Welwyn Garden City,169.0,21.6,0,M,32.0,2284,2020-04-09 08:12:27
