,activity_id,zone_type,zone_index,time
0,2035993054,heartrate,1,59
1,2035993054,heartrate,2,153
2,2035993054,heartrate,3,808
3,2035993054,heartrate,4,784
4,2035993054,heartrate,5,38
72,2035993054,pace,1,264
73,2035993054,pace,2,100
74,2035993054,pace,3,100
75,2035993054,pace,4,219
76,2035993054,pace,5,316
77,2035993054,pace,6,609
5,2038868398,heartrate,1,90
6,2038868398,heartrate,2,340
7,2038868398,heartrate,3,1490
8,2038868398,heartrate,4,532
9,2038868398,heartrate,5,0
83,2038868398,pace,1,20
84,2038868398,pace,2,1348
85,2038868398,pace,3,975
86,2038868398,pace,4,91
87,2038868398,pace,5,20
88,2038868398,pace,6,0
10,2041484077,heartrate,1,55
11,2041484077,heartrate,2,37
12,2041484077,heartrate,3,152
13,2041484077,heartrate,4,570
14,2041484077,heartrate,5,249
94,2041484077,pace,1,0
95,2041484077,pace,2,0
96,2041484077,pace,3,0
97,2041484077,pace,4,335
98,2041484077,pace,5,550
99,2041484077,pace,6,181
15,2045210201,heartrate,1,480
16,2045210201,heartrate,2,177
17,2045210201,heartrate,3,461
18,2045210201,heartrate,4,766
19,2045210201,heartrate,5,6
105,2045210201,pace,1,595
106,2045210201,pace,2,78
107,2045210201,pace,3,33
108,2045210201,pace,4,543
109,2045210201,pace,5,373
110,2045210201,pace,6,120
20,2051319403,heartrate,1,345
21,2051319403,heartrate,2,1647
22,2051319403,heartrate,3,1580
23,2051319403,heartrate,4,322
24,2051319403,heartrate,5,0
116,2051319403,pace,1,456
117,2051319403,pace,2,2131
118,2051319403,pace,3,1249
119,2051319403,pace,4,60
120,2051319403,pace,5,0
121,2051319403,pace,6,0
25,2053392135,heartrate,1,324
26,2053392135,heartrate,2,385
27,2053392135,heartrate,3,941
28,2053392135,heartrate,4,453
29,2053392135,heartrate,5,0
127,2053392135,pace,1,547
128,2053392135,pace,2,164
129,2053392135,pace,3,174
130,2053392135,pace,4,775
131,2053392135,pace,5,439
132,2053392135,pace,6,6
30,2056545343,heartrate,1,49
31,2056545343,heartrate,2,38
32,2056545343,heartrate,3,239
33,2056545343,heartrate,4,735
34,2056545343,heartrate,5,10
138,2056545343,pace,1,0
139,2056545343,pace,2,0
140,2056545343,pace,3,0
141,2056545343,pace,4,355
142,2056545343,pace,5,523
143,2056545343,pace,6,196
35,2059084656,heartrate,1,522
36,2059084656,heartrate,2,3413
37,2059084656,heartrate,3,1308
38,2059084656,heartrate,4,45
39,2059084656,heartrate,5,0
149,2059084656,pace,1,2224
150,2059084656,pace,2,2908
151,2059084656,pace,3,69
152,2059084656,pace,4,1
153,2059084656,pace,5,0
154,2059084656,pace,6,54
40,2065105318,heartrate,1,48
41,2065105318,heartrate,2,97
42,2065105318,heartrate,3,1011
43,2065105318,heartrate,4,844
44,2065105318,heartrate,5,0
160,2065105318,pace,1,557
161,2065105318,pace,2,96
162,2065105318,pace,3,123
163,2065105318,pace,4,231
164,2065105318,pace,5,530
165,2065105318,pace,6,465
45,2067316718,heartrate,1,247
46,2067316718,heartrate,2,1535
47,2067316718,heartrate,3,1940
48,2067316718,heartrate,4,157
49,2067316718,heartrate,5,0
171,2067316718,pace,1,259
172,2067316718,pace,2,2543
173,2067316718,pace,3,1012
174,2067316718,pace,4,59
175,2067316718,pace,5,8
176,2067316718,pace,6,0
50,2069646811,heartrate,1,119
51,2069646811,heartrate,2,606
52,2069646811,heartrate,3,557
53,2069646811,heartrate,4,789
54,2069646811,heartrate,5,0
182,2069646811,pace,1,589
183,2069646811,pace,2,129
184,2069646811,pace,3,92
185,2069646811,pace,4,539
186,2069646811,pace,5,625
187,2069646811,pace,6,97
55,2072553836,heartrate,1,58
56,2072553836,heartrate,2,7
57,2072553836,heartrate,3,62
58,2072553836,heartrate,4,735
59,2072553836,heartrate,5,215
193,2072553836,pace,1,0
194,2072553836,pace,2,0
195,2072553836,pace,3,79
196,2072553836,pace,4,391
197,2072553836,pace,5,419
198,2072553836,pace,6,191
60,2075332277,heartrate,1,75
61,2075332277,heartrate,2,35
62,2075332277,heartrate,3,240
63,2075332277,heartrate,4,1613
64,2075332277,heartrate,5,396
204,2075332277,pace,1,0
205,2075332277,pace,2,114
206,2075332277,pace,3,741
207,2075332277,pace,4,917
208,2075332277,pace,5,294
209,2075332277,pace,6,248
65,2081062871,heartrate,1,99
66,2081062871,heartrate,2,388
67,2081062871,heartrate,3,601
68,2081062871,heartrate,4,921
69,2081062871,heartrate,5,7
215,2081062871,pace,1,525
216,2081062871,pace,2,126
217,2081062871,pace,3,113
218,2081062871,pace,4,262
219,2081062871,pace,5,560
220,2081062871,pace,6,428
70,2083529066,heartrate,1,193
71,2083529066,heartrate,2,1847
72,2083529066,heartrate,3,1545
73,2083529066,heartrate,4,96
74,2083529066,heartrate,5,0
226,2083529066,pace,1,397
227,2083529066,pace,2,2579
228,2083529066,pace,3,623
229,2083529066,pace,4,54
230,2083529066,pace,5,30
231,2083529066,pace,6,0
75,2085495854,heartrate,1,89
76,2085495854,heartrate,2,267
77,2085495854,heartrate,3,1663
78,2085495854,heartrate,4,315
79,2085495854,heartrate,5,0
237,2085495854,pace,1,652
238,2085495854,pace,2,150
239,2085495854,pace,3,75
240,2085495854,pace,4,689
241,2085495854,pace,5,637
242,2085495854,pace,6,118
80,2091075105,heartrate,1,47
81,2091075105,heartrate,2,23
82,2091075105,heartrate,3,217
83,2091075105,heartrate,4,3457
84,2091075105,heartrate,5,18
248,2091075105,pace,1,0
249,2091075105,pace,2,6
250,2091075105,pace,3,1212
251,2091075105,pace,4,1868
252,2091075105,pace,5,558
253,2091075105,pace,6,121
85,2096712118,heartrate,1,33
86,2096712118,heartrate,2,160
87,2096712118,heartrate,3,975
88,2096712118,heartrate,4,1004
89,2096712118,heartrate,5,202
259,2096712118,pace,1,706
260,2096712118,pace,2,109
261,2096712118,pace,3,291
262,2096712118,pace,4,870
263,2096712118,pace,5,372
264,2096712118,pace,6,26
90,2098842528,heartrate,1,119
91,2098842528,heartrate,2,2785
92,2098842528,heartrate,3,959
93,2098842528,heartrate,4,0
94,2098842528,heartrate,5,0
270,2098842528,pace,1,8
271,2098842528,pace,2,3127
272,2098842528,pace,3,650
273,2098842528,pace,4,49
274,2098842528,pace,5,24
275,2098842528,pace,6,7
95,2100772666,heartrate,1,52
96,2100772666,heartrate,2,9
97,2100772666,heartrate,3,380
98,2100772666,heartrate,4,848
99,2100772666,heartrate,5,26
281,2100772666,pace,1,117
282,2100772666,pace,2,122
283,2100772666,pace,3,73
284,2100772666,pace,4,261
285,2100772666,pace,5,269
286,2100772666,pace,6,475
100,2100968638,heartrate,1,77
101,2100968638,heartrate,2,261
102,2100968638,heartrate,3,1772
103,2100968638,heartrate,4,88
104,2100968638,heartrate,5,0
292,2100968638,pace,1,6
293,2100968638,pace,2,1585
294,2100968638,pace,3,585
295,2100968638,pace,4,24
296,2100968638,pace,5,0
297,2100968638,pace,6,0
105,2103793596,heartrate,1,29
106,2103793596,heartrate,2,2
107,2103793596,heartrate,3,33
108,2103793596,heartrate,4,769
109,2103793596,heartrate,5,264
303,2103793596,pace,1,0
304,2103793596,pace,2,0
305,2103793596,pace,3,95
306,2103793596,pace,4,482
307,2103793596,pace,5,457
308,2103793596,pace,6,67
110,2104756352,heartrate,1,57
111,2104756352,heartrate,2,257
112,2104756352,heartrate,3,2513
113,2104756352,heartrate,4,1482
114,2104756352,heartrate,5,0
314,2104756352,pace,1,235
315,2104756352,pace,2,1688
316,2104756352,pace,3,1928
317,2104756352,pace,4,323
318,2104756352,pace,5,112
319,2104756352,pace,6,18
115,2109702664,heartrate,1,30
116,2109702664,heartrate,2,601
117,2109702664,heartrate,3,1042
118,2109702664,heartrate,4,971
119,2109702664,heartrate,5,0
325,2109702664,pace,1,727
326,2109702664,pace,2,191
327,2109702664,pace,3,153
328,2109702664,pace,4,597
329,2109702664,pace,5,745
330,2109702664,pace,6,177
120,2113016252,heartrate,1,49
121,2113016252,heartrate,2,330
122,2113016252,heartrate,3,1126
123,2113016252,heartrate,4,61
124,2113016252,heartrate,5,0
336,2113016252,pace,1,0
337,2113016252,pace,2,413
338,2113016252,pace,3,934
339,2113016252,pace,4,120
340,2113016252,pace,5,30
341,2113016252,pace,6,27
125,2139774036,heartrate,1,155
126,2139774036,heartrate,2,1876
127,2139774036,heartrate,3,484
128,2139774036,heartrate,4,20
129,2139774036,heartrate,5,0
347,2139774036,pace,1,329
348,2139774036,pace,2,1743
349,2139774036,pace,3,336
350,2139774036,pace,4,35
351,2139774036,pace,5,22
352,2139774036,pace,6,66
130,2141978725,heartrate,1,29
131,2141978725,heartrate,2,327
132,2141978725,heartrate,3,746
133,2141978725,heartrate,4,1221
134,2141978725,heartrate,5,0
358,2141978725,pace,1,623
359,2141978725,pace,2,182
360,2141978725,pace,3,121
361,2141978725,pace,4,414
362,2141978725,pace,5,778
363,2141978725,pace,6,205
135,2148824554,heartrate,1,69
136,2148824554,heartrate,2,1366
137,2148824554,heartrate,3,3972
138,2148824554,heartrate,4,564
139,2148824554,heartrate,5,0
369,2148824554,pace,1,154
370,2148824554,pace,2,3229
371,2148824554,pace,3,2310
372,2148824554,pace,4,193
373,2148824554,pace,5,40
374,2148824554,pace,6,48
140,2154903754,heartrate,1,25
141,2154903754,heartrate,2,6
142,2154903754,heartrate,3,814
143,2154903754,heartrate,4,1444
144,2154903754,heartrate,5,19
380,2154903754,pace,1,0
381,2154903754,pace,2,0
382,2154903754,pace,3,224
383,2154903754,pace,4,1437
384,2154903754,pace,5,554
385,2154903754,pace,6,94
145,2160342266,heartrate,1,67
146,2160342266,heartrate,2,1609
147,2160342266,heartrate,3,4518
148,2160342266,heartrate,4,635
149,2160342266,heartrate,5,0
391,2160342266,pace,1,423
392,2160342266,pace,2,3318
393,2160342266,pace,3,2620
394,2160342266,pace,4,366
395,2160342266,pace,5,56
396,2160342266,pace,6,15
150,2165593023,heartrate,1,33
151,2165593023,heartrate,2,381
152,2165593023,heartrate,3,952
153,2165593023,heartrate,4,1225
154,2165593023,heartrate,5,0
402,2165593023,pace,1,707
403,2165593023,pace,2,190
404,2165593023,pace,3,145
405,2165593023,pace,4,436
406,2165593023,pace,5,793
407,2165593023,pace,6,316
155,2174004750,heartrate,1,130
156,2174004750,heartrate,2,763
157,2174004750,heartrate,3,3235
158,2174004750,heartrate,4,651
159,2174004750,heartrate,5,0
413,2174004750,pace,1,90
414,2174004750,pace,2,2074
415,2174004750,pace,3,2002
416,2174004750,pace,4,366
417,2174004750,pace,5,151
418,2174004750,pace,6,75
160,2182456758,heartrate,1,38
161,2182456758,heartrate,2,47
162,2182456758,heartrate,3,710
163,2182456758,heartrate,4,1674
164,2182456758,heartrate,5,58
424,2182456758,pace,1,706
425,2182456758,pace,2,153
426,2182456758,pace,3,161
427,2182456758,pace,4,238
428,2182456758,pace,5,500
429,2182456758,pace,6,767
165,2192270620,heartrate,1,39
166,2192270620,heartrate,2,40
167,2192270620,heartrate,3,483
168,2192270620,heartrate,4,1987
169,2192270620,heartrate,5,0
435,2192270620,pace,1,12
436,2192270620,pace,2,634
437,2192270620,pace,3,1555
438,2192270620,pace,4,291
439,2192270620,pace,5,58
440,2192270620,pace,6,0
170,2201720122,heartrate,1,51
171,2201720122,heartrate,2,404
172,2201720122,heartrate,3,1885
173,2201720122,heartrate,4,3056
174,2201720122,heartrate,5,3
446,2201720122,pace,1,366
447,2201720122,pace,2,2830
448,2201720122,pace,3,1848
449,2201720122,pace,4,342
450,2201720122,pace,5,17
451,2201720122,pace,6,0
175,2206497708,heartrate,1,274
176,2206497708,heartrate,2,1031
177,2206497708,heartrate,3,1904
178,2206497708,heartrate,4,1489
179,2206497708,heartrate,5,12
457,2206497708,pace,1,33
458,2206497708,pace,2,2141
459,2206497708,pace,3,1714
460,2206497708,pace,4,619
461,2206497708,pace,5,162
462,2206497708,pace,6,45
180,2210819544,heartrate,1,94
181,2210819544,heartrate,2,164
182,2210819544,heartrate,3,1934
183,2210819544,heartrate,4,974
184,2210819544,heartrate,5,0
468,2210819544,pace,1,21
469,2210819544,pace,2,961
470,2210819544,pace,3,1556
471,2210819544,pace,4,425
472,2210819544,pace,5,82
473,2210819544,pace,6,17
185,2215144029,heartrate,1,59
186,2215144029,heartrate,2,924
187,2215144029,heartrate,3,1846
188,2215144029,heartrate,4,1033
189,2215144029,heartrate,5,0
479,2215144029,pace,1,274
480,2215144029,pace,2,2125
481,2215144029,pace,3,1189
482,2215144029,pace,4,221
483,2215144029,pace,5,26
484,2215144029,pace,6,30
190,2219169712,heartrate,1,180
191,2219169712,heartrate,2,4194
192,2219169712,heartrate,3,4780
193,2219169712,heartrate,4,5
194,2219169712,heartrate,5,0
490,2219169712,pace,1,1321
491,2219169712,pace,2,7016
492,2219169712,pace,3,808
493,2219169712,pace,4,17
494,2219169712,pace,5,0
495,2219169712,pace,6,0
195,2227172514,heartrate,1,45
196,2227172514,heartrate,2,620
197,2227172514,heartrate,3,1407
198,2227172514,heartrate,4,1739
199,2227172514,heartrate,5,0
501,2227172514,pace,1,187
502,2227172514,pace,2,1417
503,2227172514,pace,3,1524
504,2227172514,pace,4,430
505,2227172514,pace,5,165
506,2227172514,pace,6,0
200,2236525096,heartrate,1,23
201,2236525096,heartrate,2,59
202,2236525096,heartrate,3,510
203,2236525096,heartrate,4,3846
204,2236525096,heartrate,5,827
512,2236525096,pace,1,115
513,2236525096,pace,2,1468
514,2236525096,pace,3,1922
515,2236525096,pace,4,927
516,2236525096,pace,5,457
517,2236525096,pace,6,353
205,2266943099,heartrate,1,169
206,2266943099,heartrate,2,113
207,2266943099,heartrate,3,0
208,2266943099,heartrate,4,0
209,2266943099,heartrate,5,0
523,2266943099,pace,1,224
524,2266943099,pace,2,26
525,2266943099,pace,3,25
526,2266943099,pace,4,4
527,2266943099,pace,5,0
528,2266943099,pace,6,0
210,2271688574,heartrate,1,52
211,2271688574,heartrate,2,371
212,2271688574,heartrate,3,5163
213,2271688574,heartrate,4,4049
214,2271688574,heartrate,5,2457
534,2271688574,pace,1,2451
535,2271688574,pace,2,7770
536,2271688574,pace,3,1824
537,2271688574,pace,4,46
538,2271688574,pace,5,5
539,2271688574,pace,6,0
215,2286702950,heartrate,1,36
216,2286702950,heartrate,2,226
217,2286702950,heartrate,3,1271
218,2286702950,heartrate,4,354
219,2286702950,heartrate,5,5
545,2286702950,pace,1,40
546,2286702950,pace,2,1068
547,2286702950,pace,3,716
548,2286702950,pace,4,48
549,2286702950,pace,5,11
550,2286702950,pace,6,13
220,2339321059,heartrate,1,23
221,2339321059,heartrate,2,373
222,2339321059,heartrate,3,1484
223,2339321059,heartrate,4,368
224,2339321059,heartrate,5,0
556,2339321059,pace,1,176
557,2339321059,pace,2,1520
558,2339321059,pace,3,398
559,2339321059,pace,4,100
560,2339321059,pace,5,51
561,2339321059,pace,6,0
225,2346118247,heartrate,1,97
226,2346118247,heartrate,2,404
227,2346118247,heartrate,3,1933
228,2346118247,heartrate,4,725
229,2346118247,heartrate,5,0
567,2346118247,pace,1,19
568,2346118247,pace,2,1438
569,2346118247,pace,3,1103
570,2346118247,pace,4,74
571,2346118247,pace,5,64
572,2346118247,pace,6,8
230,2352290179,heartrate,1,47
231,2352290179,heartrate,2,5
232,2352290179,heartrate,3,6
233,2352290179,heartrate,4,5
234,2352290179,heartrate,5,2660
573,2352290179,pace,1,2414
574,2352290179,pace,2,287
575,2352290179,pace,3,0
576,2352290179,pace,4,0
577,2352290179,pace,5,0
578,2352290179,pace,6,0
235,2355889365,heartrate,1,94
236,2355889365,heartrate,2,149
237,2355889365,heartrate,3,871
238,2355889365,heartrate,4,1586
239,2355889365,heartrate,5,0
584,2355889365,pace,1,24
585,2355889365,pace,2,1424
586,2355889365,pace,3,1126
587,2355889365,pace,4,86
588,2355889365,pace,5,20
589,2355889365,pace,6,21
240,2404936403,heartrate,1,32
241,2404936403,heartrate,2,864
242,2404936403,heartrate,3,1325
243,2404936403,heartrate,4,187
244,2404936403,heartrate,5,0
595,2404936403,pace,1,911
596,2404936403,pace,2,1233
597,2404936403,pace,3,197
598,2404936403,pace,4,63
599,2404936403,pace,5,7
600,2404936403,pace,6,0
245,2410135380,heartrate,1,66
246,2410135380,heartrate,2,129
247,2410135380,heartrate,3,390
248,2410135380,heartrate,4,616
249,2410135380,heartrate,5,310
606,2410135380,pace,1,386
607,2410135380,pace,2,95
608,2410135380,pace,3,165
609,2410135380,pace,4,259
610,2410135380,pace,5,307
611,2410135380,pace,6,300
250,2412534300,heartrate,1,56
251,2412534300,heartrate,2,85
252,2412534300,heartrate,3,1200
253,2412534300,heartrate,4,1427
254,2412534300,heartrate,5,0
617,2412534300,pace,1,89
618,2412534300,pace,2,1793
619,2412534300,pace,3,822
620,2412534300,pace,4,50
621,2412534300,pace,5,10
622,2412534300,pace,6,0
255,2417394320,heartrate,1,40
256,2417394320,heartrate,2,33
257,2417394320,heartrate,3,141
258,2417394320,heartrate,4,719
259,2417394320,heartrate,5,1783
628,2417394320,pace,1,56
629,2417394320,pace,2,1552
630,2417394320,pace,3,1016
631,2417394320,pace,4,79
632,2417394320,pace,5,17
633,2417394320,pace,6,0
260,2423668488,heartrate,1,23
261,2423668488,heartrate,2,23
262,2423668488,heartrate,3,204
263,2423668488,heartrate,4,1128
264,2423668488,heartrate,5,316
639,2423668488,pace,1,396
640,2423668488,pace,2,187
641,2423668488,pace,3,167
642,2423668488,pace,4,194
643,2423668488,pace,5,233
644,2423668488,pace,6,521
265,2426588529,heartrate,1,124
266,2426588529,heartrate,2,1314
267,2426588529,heartrate,3,1897
268,2426588529,heartrate,4,107
269,2426588529,heartrate,5,0
650,2426588529,pace,1,292
651,2426588529,pace,2,2671
652,2426588529,pace,3,430
653,2426588529,pace,4,45
654,2426588529,pace,5,7
655,2426588529,pace,6,0
270,2429188828,heartrate,1,24
271,2429188828,heartrate,2,32
272,2429188828,heartrate,3,354
273,2429188828,heartrate,4,1315
274,2429188828,heartrate,5,56
661,2429188828,pace,1,422
662,2429188828,pace,2,141
663,2429188828,pace,3,82
664,2429188828,pace,4,460
665,2429188828,pace,5,538
666,2429188828,pace,6,142
275,2435850487,heartrate,1,91
276,2435850487,heartrate,2,652
277,2435850487,heartrate,3,2131
278,2435850487,heartrate,4,1048
279,2435850487,heartrate,5,2
672,2435850487,pace,1,413
673,2435850487,pace,2,2298
674,2435850487,pace,3,983
675,2435850487,pace,4,171
676,2435850487,pace,5,42
677,2435850487,pace,6,21
280,2439928705,heartrate,1,132
281,2439928705,heartrate,2,1290
282,2439928705,heartrate,3,866
283,2439928705,heartrate,4,38
284,2439928705,heartrate,5,0
683,2439928705,pace,1,354
684,2439928705,pace,2,1705
685,2439928705,pace,3,173
686,2439928705,pace,4,45
687,2439928705,pace,5,43
688,2439928705,pace,6,6
285,2447734267,heartrate,1,20
286,2447734267,heartrate,2,11
287,2447734267,heartrate,3,403
288,2447734267,heartrate,4,948
289,2447734267,heartrate,5,1083
694,2447734267,pace,1,0
695,2447734267,pace,2,25
696,2447734267,pace,3,1305
697,2447734267,pace,4,824
698,2447734267,pace,5,188
699,2447734267,pace,6,63
290,2455658821,heartrate,1,58
291,2455658821,heartrate,2,137
292,2455658821,heartrate,3,1146
293,2455658821,heartrate,4,1405
294,2455658821,heartrate,5,0
705,2455658821,pace,1,79
706,2455658821,pace,2,1670
707,2455658821,pace,3,942
708,2455658821,pace,4,35
709,2455658821,pace,5,19
710,2455658821,pace,6,2
295,2458386146,heartrate,1,54
296,2458386146,heartrate,2,301
297,2458386146,heartrate,3,1970
298,2458386146,heartrate,4,430
299,2458386146,heartrate,5,0
716,2458386146,pace,1,129
717,2458386146,pace,2,1897
718,2458386146,pace,3,544
719,2458386146,pace,4,97
720,2458386146,pace,5,79
721,2458386146,pace,6,12
300,2466656675,heartrate,1,19
301,2466656675,heartrate,2,11
302,2466656675,heartrate,3,45
303,2466656675,heartrate,4,1510
304,2466656675,heartrate,5,774
727,2466656675,pace,1,27
728,2466656675,pace,2,248
729,2466656675,pace,3,879
730,2466656675,pace,4,641
731,2466656675,pace,5,316
732,2466656675,pace,6,223
305,2474148341,heartrate,1,44
306,2474148341,heartrate,2,176
307,2474148341,heartrate,3,1038
308,2474148341,heartrate,4,1335
309,2474148341,heartrate,5,0
738,2474148341,pace,1,411
739,2474148341,pace,2,1828
740,2474148341,pace,3,315
741,2474148341,pace,4,42
742,2474148341,pace,5,0
743,2474148341,pace,6,0
310,2477476969,heartrate,1,59
311,2477476969,heartrate,2,172
312,2477476969,heartrate,3,996
313,2477476969,heartrate,4,79
314,2477476969,heartrate,5,0
749,2477476969,pace,1,21
750,2477476969,pace,2,412
751,2477476969,pace,3,790
752,2477476969,pace,4,71
753,2477476969,pace,5,14
754,2477476969,pace,6,1
315,2480188898,heartrate,1,32
316,2480188898,heartrate,2,65
317,2480188898,heartrate,3,534
318,2480188898,heartrate,4,1067
319,2480188898,heartrate,5,90
760,2480188898,pace,1,443
761,2480188898,pace,2,136
762,2480188898,pace,3,189
763,2480188898,pace,4,314
764,2480188898,pace,5,525
765,2480188898,pace,6,179
320,2484914850,heartrate,1,55
321,2484914850,heartrate,2,85
322,2484914850,heartrate,3,282
323,2484914850,heartrate,4,3233
324,2484914850,heartrate,5,301
771,2484914850,pace,1,422
772,2484914850,pace,2,2414
773,2484914850,pace,3,944
774,2484914850,pace,4,115
775,2484914850,pace,5,43
776,2484914850,pace,6,8
325,2488990956,heartrate,1,18
326,2488990956,heartrate,2,6
327,2488990956,heartrate,3,74
328,2488990956,heartrate,4,247
329,2488990956,heartrate,5,759
782,2488990956,pace,1,0
783,2488990956,pace,2,0
784,2488990956,pace,3,12
785,2488990956,pace,4,785
786,2488990956,pace,5,288
787,2488990956,pace,6,23
330,2498913766,heartrate,1,45
331,2498913766,heartrate,2,354
332,2498913766,heartrate,3,1813
333,2498913766,heartrate,4,47
334,2498913766,heartrate,5,0
793,2498913766,pace,1,72
794,2498913766,pace,2,1869
795,2498913766,pace,3,218
796,2498913766,pace,4,56
797,2498913766,pace,5,47
798,2498913766,pace,6,0
335,2504627191,heartrate,1,27
336,2504627191,heartrate,2,10
337,2504627191,heartrate,3,162
338,2504627191,heartrate,4,621
339,2504627191,heartrate,5,1607
804,2504627191,pace,1,0
805,2504627191,pace,2,178
806,2504627191,pace,3,1204
807,2504627191,pace,4,594
808,2504627191,pace,5,358
809,2504627191,pace,6,97
340,2515520825,heartrate,1,98
341,2515520825,heartrate,2,1052
342,2515520825,heartrate,3,1111
343,2515520825,heartrate,4,52
344,2515520825,heartrate,5,0
815,2515520825,pace,1,371
816,2515520825,pace,2,1667
817,2515520825,pace,3,186
818,2515520825,pace,4,62
819,2515520825,pace,5,27
820,2515520825,pace,6,0
345,2524106340,heartrate,1,12
346,2524106340,heartrate,2,9
347,2524106340,heartrate,3,141
348,2524106340,heartrate,4,632
349,2524106340,heartrate,5,1628
826,2524106340,pace,1,0
827,2524106340,pace,2,211
828,2524106340,pace,3,1216
829,2524106340,pace,4,640
830,2524106340,pace,5,264
831,2524106340,pace,6,95
350,2534975295,heartrate,1,91
351,2534975295,heartrate,2,1745
352,2534975295,heartrate,3,1005
353,2534975295,heartrate,4,28
354,2534975295,heartrate,5,0
837,2534975295,pace,1,309
838,2534975295,pace,2,2136
839,2534975295,pace,3,332
840,2534975295,pace,4,58
841,2534975295,pace,5,29
842,2534975295,pace,6,5
355,2537990071,heartrate,1,51
356,2537990071,heartrate,2,211
357,2537990071,heartrate,3,1513
358,2537990071,heartrate,4,87
359,2537990071,heartrate,5,0
848,2537990071,pace,1,90
849,2537990071,pace,2,763
850,2537990071,pace,3,935
851,2537990071,pace,4,39
852,2537990071,pace,5,38
853,2537990071,pace,6,0
360,2543755287,heartrate,1,192
361,2543755287,heartrate,2,950
362,2543755287,heartrate,3,1676
363,2543755287,heartrate,4,45
364,2543755287,heartrate,5,0
859,2543755287,pace,1,402
860,2543755287,pace,2,2003
861,2543755287,pace,3,399
862,2543755287,pace,4,34
863,2543755287,pace,5,19
864,2543755287,pace,6,9
365,2547056909,heartrate,1,25
366,2547056909,heartrate,2,9
367,2547056909,heartrate,3,175
368,2547056909,heartrate,4,311
369,2547056909,heartrate,5,583
870,2547056909,pace,1,0
871,2547056909,pace,2,0
872,2547056909,pace,3,60
873,2547056909,pace,4,620
874,2547056909,pace,5,395
875,2547056909,pace,6,32
370,2550046544,heartrate,1,237
371,2550046544,heartrate,2,213
372,2550046544,heartrate,3,2206
373,2550046544,heartrate,4,1309
374,2550046544,heartrate,5,0
881,2550046544,pace,1,267
882,2550046544,pace,2,2892
883,2550046544,pace,3,664
884,2550046544,pace,4,128
885,2550046544,pace,5,17
886,2550046544,pace,6,0
375,2557201561,heartrate,1,39
376,2557201561,heartrate,2,120
377,2557201561,heartrate,3,915
378,2557201561,heartrate,4,271
379,2557201561,heartrate,5,0
892,2557201561,pace,1,92
893,2557201561,pace,2,801
894,2557201561,pace,3,455
895,2557201561,pace,4,0
896,2557201561,pace,5,0
897,2557201561,pace,6,0
380,2562951585,heartrate,1,496
381,2562951585,heartrate,2,107
382,2562951585,heartrate,3,1120
383,2562951585,heartrate,4,1188
384,2562951585,heartrate,5,0
903,2562951585,pace,1,489
904,2562951585,pace,2,2138
905,2562951585,pace,3,237
906,2562951585,pace,4,47
907,2562951585,pace,5,0
908,2562951585,pace,6,0
385,2566399890,heartrate,1,30
386,2566399890,heartrate,2,54
387,2566399890,heartrate,3,475
388,2566399890,heartrate,4,61
389,2566399890,heartrate,5,461
914,2566399890,pace,1,0
915,2566399890,pace,2,0
916,2566399890,pace,3,10
917,2566399890,pace,4,399
918,2566399890,pace,5,556
919,2566399890,pace,6,117
390,2569700805,heartrate,1,256
391,2569700805,heartrate,2,1373
392,2569700805,heartrate,3,2959
393,2569700805,heartrate,4,18
394,2569700805,heartrate,5,0
925,2569700805,pace,1,778
926,2569700805,pace,2,3023
927,2569700805,pace,3,608
928,2569700805,pace,4,171
929,2569700805,pace,5,26
930,2569700805,pace,6,0
395,2573821042,heartrate,1,59
396,2573821042,heartrate,2,948
397,2573821042,heartrate,3,701
398,2573821042,heartrate,4,0
399,2573821042,heartrate,5,0
936,2573821042,pace,1,226
937,2573821042,pace,2,1322
938,2573821042,pace,3,161
939,2573821042,pace,4,0
940,2573821042,pace,5,0
941,2573821042,pace,6,0
400,2581650808,heartrate,1,213
401,2581650808,heartrate,2,203
402,2581650808,heartrate,3,2487
403,2581650808,heartrate,4,1693
404,2581650808,heartrate,5,0
947,2581650808,pace,1,703
948,2581650808,pace,2,2911
949,2581650808,pace,3,851
950,2581650808,pace,4,82
951,2581650808,pace,5,46
952,2581650808,pace,6,3
405,2609535030,heartrate,1,350
406,2609535030,heartrate,2,1588
407,2609535030,heartrate,3,927
408,2609535030,heartrate,4,0
409,2609535030,heartrate,5,0
958,2609535030,pace,1,306
959,2609535030,pace,2,2139
960,2609535030,pace,3,350
961,2609535030,pace,4,58
962,2609535030,pace,5,14
963,2609535030,pace,6,0
410,2616543404,heartrate,1,409
411,2616543404,heartrate,2,2089
412,2616543404,heartrate,3,1018
413,2616543404,heartrate,4,0
414,2616543404,heartrate,5,0
969,2616543404,pace,1,735
970,2616543404,pace,2,2360
971,2616543404,pace,3,398
972,2616543404,pace,4,25
973,2616543404,pace,5,0
974,2616543404,pace,6,0
415,2622347438,heartrate,1,605
416,2622347438,heartrate,2,1510
417,2622347438,heartrate,3,796
418,2622347438,heartrate,4,48
419,2622347438,heartrate,5,0
980,2622347438,pace,1,778
981,2622347438,pace,2,1812
982,2622347438,pace,3,289
983,2622347438,pace,4,78
984,2622347438,pace,5,5
985,2622347438,pace,6,0
420,2625909390,heartrate,1,30
421,2625909390,heartrate,2,15
422,2625909390,heartrate,3,119
423,2625909390,heartrate,4,345
424,2625909390,heartrate,5,572
991,2625909390,pace,1,0
992,2625909390,pace,2,0
993,2625909390,pace,3,14
994,2625909390,pace,4,494
995,2625909390,pace,5,535
996,2625909390,pace,6,42
425,2629056983,heartrate,1,485
426,2629056983,heartrate,2,2910
427,2629056983,heartrate,3,1446
428,2629056983,heartrate,4,19
429,2629056983,heartrate,5,0
1002,2629056983,pace,1,1959
1003,2629056983,pace,2,2624
1004,2629056983,pace,3,238
1005,2629056983,pace,4,21
1006,2629056983,pace,5,20
1007,2629056983,pace,6,1
430,2636438506,heartrate,1,185
431,2636438506,heartrate,2,2152
432,2636438506,heartrate,3,1179
433,2636438506,heartrate,4,32
434,2636438506,heartrate,5,0
1013,2636438506,pace,1,1001
1014,2636438506,pace,2,2200
1015,2636438506,pace,3,230
1016,2636438506,pace,4,84
1017,2636438506,pace,5,36
1018,2636438506,pace,6,0
435,2642313608,heartrate,1,68
436,2642313608,heartrate,2,408
437,2642313608,heartrate,3,267
438,2642313608,heartrate,4,1167
439,2642313608,heartrate,5,135
1024,2642313608,pace,1,525
1025,2642313608,pace,2,148
1026,2642313608,pace,3,111
1027,2642313608,pace,4,294
1028,2642313608,pace,5,717
1029,2642313608,pace,6,247
440,2649208231,heartrate,1,182
441,2649208231,heartrate,2,153
442,2649208231,heartrate,3,978
443,2649208231,heartrate,4,1352
444,2649208231,heartrate,5,0
1035,2649208231,pace,1,102
1036,2649208231,pace,2,1091
1037,2649208231,pace,3,1276
1038,2649208231,pace,4,136
1039,2649208231,pace,5,44
1040,2649208231,pace,6,16
445,2659907238,heartrate,1,17
446,2659907238,heartrate,2,4
447,2659907238,heartrate,3,145
448,2659907238,heartrate,4,466
449,2659907238,heartrate,5,438
1046,2659907238,pace,1,0
1047,2659907238,pace,2,0
1048,2659907238,pace,3,0
1049,2659907238,pace,4,101
1050,2659907238,pace,5,855
1051,2659907238,pace,6,118
450,2662915864,heartrate,1,202
451,2662915864,heartrate,2,1748
452,2662915864,heartrate,3,1003
453,2662915864,heartrate,4,9
454,2662915864,heartrate,5,0
1057,2662915864,pace,1,371
1058,2662915864,pace,2,2138
1059,2662915864,pace,3,294
1060,2662915864,pace,4,59
1061,2662915864,pace,5,29
1062,2662915864,pace,6,8
455,2673933382,heartrate,1,90
456,2673933382,heartrate,2,387
457,2673933382,heartrate,3,1405
458,2673933382,heartrate,4,47
459,2673933382,heartrate,5,0
1068,2673933382,pace,1,64
1069,2673933382,pace,2,1206
1070,2673933382,pace,3,487
1071,2673933382,pace,4,104
1072,2673933382,pace,5,54
1073,2673933382,pace,6,17
460,2677420646,heartrate,1,447
461,2677420646,heartrate,2,711
462,2677420646,heartrate,3,2089
463,2677420646,heartrate,4,135
464,2677420646,heartrate,5,0
1079,2677420646,pace,1,232
1080,2677420646,pace,2,2391
1081,2677420646,pace,3,698
1082,2677420646,pace,4,55
1083,2677420646,pace,5,9
1084,2677420646,pace,6,0
465,2683113610,heartrate,1,96
466,2683113610,heartrate,2,18
467,2683113610,heartrate,3,1288
468,2683113610,heartrate,4,668
469,2683113610,heartrate,5,0
1090,2683113610,pace,1,497
1091,2683113610,pace,2,233
1092,2683113610,pace,3,203
1093,2683113610,pace,4,321
1094,2683113610,pace,5,526
1095,2683113610,pace,6,277
470,2686450439,heartrate,1,27
471,2686450439,heartrate,2,12
472,2686450439,heartrate,3,387
473,2686450439,heartrate,4,269
474,2686450439,heartrate,5,376
1101,2686450439,pace,1,0
1102,2686450439,pace,2,0
1103,2686450439,pace,3,4
1104,2686450439,pace,4,350
1105,2686450439,pace,5,653
1106,2686450439,pace,6,68
475,2691579673,heartrate,1,96
476,2691579673,heartrate,2,1538
477,2691579673,heartrate,3,1006
478,2691579673,heartrate,4,334
479,2691579673,heartrate,5,24
1112,2691579673,pace,1,91
1113,2691579673,pace,2,1722
1114,2691579673,pace,3,1111
1115,2691579673,pace,4,28
1116,2691579673,pace,5,45
1117,2691579673,pace,6,2
480,2700110809,heartrate,1,40
481,2700110809,heartrate,2,3
482,2700110809,heartrate,3,145
483,2700110809,heartrate,4,205
484,2700110809,heartrate,5,677
1123,2700110809,pace,1,0
1124,2700110809,pace,2,0
1125,2700110809,pace,3,34
1126,2700110809,pace,4,212
1127,2700110809,pace,5,600
1128,2700110809,pace,6,228
485,2702009241,heartrate,1,164
486,2702009241,heartrate,2,247
487,2702009241,heartrate,3,1469
488,2702009241,heartrate,4,1909
489,2702009241,heartrate,5,0
1134,2702009241,pace,1,122
1135,2702009241,pace,2,2100
1136,2702009241,pace,3,1222
1137,2702009241,pace,4,291
1138,2702009241,pace,5,36
1139,2702009241,pace,6,21
490,2711459846,heartrate,1,149
491,2711459846,heartrate,2,193
492,2711459846,heartrate,3,1623
493,2711459846,heartrate,4,798
494,2711459846,heartrate,5,7
1145,2711459846,pace,1,203
1146,2711459846,pace,2,1758
1147,2711459846,pace,3,729
1148,2711459846,pace,4,60
1149,2711459846,pace,5,18
1150,2711459846,pace,6,6
495,2714579959,heartrate,1,44
496,2714579959,heartrate,2,590
497,2714579959,heartrate,3,1114
498,2714579959,heartrate,4,308
499,2714579959,heartrate,5,0
1156,2714579959,pace,1,529
1157,2714579959,pace,2,148
1158,2714579959,pace,3,110
1159,2714579959,pace,4,475
1160,2714579959,pace,5,705
1161,2714579959,pace,6,92
500,2717789138,heartrate,1,320
501,2717789138,heartrate,2,1801
502,2717789138,heartrate,3,412
503,2717789138,heartrate,4,0
504,2717789138,heartrate,5,0
1167,2717789138,pace,1,187
1168,2717789138,pace,2,1863
1169,2717789138,pace,3,385
1170,2717789138,pace,4,63
1171,2717789138,pace,5,37
1172,2717789138,pace,6,0
505,2726742455,heartrate,1,39
506,2726742455,heartrate,2,13
507,2726742455,heartrate,3,129
508,2726742455,heartrate,4,566
509,2726742455,heartrate,5,329
1178,2726742455,pace,1,0
1179,2726742455,pace,2,0
1180,2726742455,pace,3,12
1181,2726742455,pace,4,390
1182,2726742455,pace,5,506
1183,2726742455,pace,6,172
510,2731231452,heartrate,1,201
511,2731231452,heartrate,2,891
512,2731231452,heartrate,3,1524
513,2731231452,heartrate,4,166
514,2731231452,heartrate,5,0
1189,2731231452,pace,1,192
1190,2731231452,pace,2,1833
1191,2731231452,pace,3,625
1192,2731231452,pace,4,91
1193,2731231452,pace,5,40
1194,2731231452,pace,6,4
515,2739650274,heartrate,1,17
516,2739650274,heartrate,2,133
517,2739650274,heartrate,3,262
518,2739650274,heartrate,4,184
519,2739650274,heartrate,5,475
1200,2739650274,pace,1,0
1201,2739650274,pace,2,0
1202,2739650274,pace,3,0
1203,2739650274,pace,4,368
1204,2739650274,pace,5,603
1205,2739650274,pace,6,104
520,2743199768,heartrate,1,323
521,2743199768,heartrate,2,2566
522,2743199768,heartrate,3,337
523,2743199768,heartrate,4,0
524,2743199768,heartrate,5,0
1211,2743199768,pace,1,573
1212,2743199768,pace,2,2240
1213,2743199768,pace,3,278
1214,2743199768,pace,4,99
1215,2743199768,pace,5,25
1216,2743199768,pace,6,13
525,2744556999,heartrate,1,433
526,2744556999,heartrate,2,1924
527,2744556999,heartrate,3,341
528,2744556999,heartrate,4,0
529,2744556999,heartrate,5,0
1222,2744556999,pace,1,709
1223,2744556999,pace,2,1788
1224,2744556999,pace,3,167
1225,2744556999,pace,4,21
1226,2744556999,pace,5,15
1227,2744556999,pace,6,0
530,2748520987,heartrate,1,212
531,2748520987,heartrate,2,779
532,2748520987,heartrate,3,1731
533,2748520987,heartrate,4,32
534,2748520987,heartrate,5,0
1233,2748520987,pace,1,209
1234,2748520987,pace,2,1469
1235,2748520987,pace,3,885
1236,2748520987,pace,4,138
1237,2748520987,pace,5,44
1238,2748520987,pace,6,0
535,2755296607,heartrate,1,153
536,2755296607,heartrate,2,1463
537,2755296607,heartrate,3,1307
538,2755296607,heartrate,4,0
539,2755296607,heartrate,5,0
1244,2755296607,pace,1,346
1245,2755296607,pace,2,2144
1246,2755296607,pace,3,301
1247,2755296607,pace,4,85
1248,2755296607,pace,5,20
1249,2755296607,pace,6,0
540,2760518834,heartrate,1,112
541,2760518834,heartrate,2,787
542,2760518834,heartrate,3,445
543,2760518834,heartrate,4,171
544,2760518834,heartrate,5,0
1255,2760518834,pace,1,343
1256,2760518834,pace,2,113
1257,2760518834,pace,3,181
1258,2760518834,pace,4,257
1259,2760518834,pace,5,392
1260,2760518834,pace,6,217
545,2767975792,heartrate,1,521
546,2767975792,heartrate,2,1327
547,2767975792,heartrate,3,2789
548,2767975792,heartrate,4,317
549,2767975792,heartrate,5,0
1266,2767975792,pace,1,137
1267,2767975792,pace,2,2151
1268,2767975792,pace,3,1254
1269,2767975792,pace,4,290
1270,2767975792,pace,5,176
1271,2767975792,pace,6,43
550,2778444688,heartrate,1,357
551,2778444688,heartrate,2,1464
552,2778444688,heartrate,3,501
553,2778444688,heartrate,4,0
554,2778444688,heartrate,5,0
1277,2778444688,pace,1,479
1278,2778444688,pace,2,1431
1279,2778444688,pace,3,306
1280,2778444688,pace,4,63
1281,2778444688,pace,5,41
1282,2778444688,pace,6,4
555,2786550713,heartrate,1,81
556,2786550713,heartrate,2,824
557,2786550713,heartrate,3,1255
558,2786550713,heartrate,4,23
559,2786550713,heartrate,5,0
1288,2786550713,pace,1,92
1289,2786550713,pace,2,1055
1290,2786550713,pace,3,810
1291,2786550713,pace,4,115
1292,2786550713,pace,5,49
1293,2786550713,pace,6,50
560,2791795058,heartrate,1,362
561,2791795058,heartrate,2,1597
562,2791795058,heartrate,3,446
563,2791795058,heartrate,4,17
564,2791795058,heartrate,5,0
1299,2791795058,pace,1,910
1300,2791795058,pace,2,1126
1301,2791795058,pace,3,300
1302,2791795058,pace,4,63
1303,2791795058,pace,5,13
1304,2791795058,pace,6,0
565,2796737579,heartrate,1,281
566,2796737579,heartrate,2,1454
567,2796737579,heartrate,3,967
568,2796737579,heartrate,4,0
569,2796737579,heartrate,5,0
1310,2796737579,pace,1,878
1311,2796737579,pace,2,1541
1312,2796737579,pace,3,173
1313,2796737579,pace,4,60
1314,2796737579,pace,5,27
1315,2796737579,pace,6,15
570,2802869484,heartrate,1,40
571,2802869484,heartrate,2,300
572,2802869484,heartrate,3,30
573,2802869484,heartrate,4,735
574,2802869484,heartrate,5,740
1321,2802869484,pace,1,0
1322,2802869484,pace,2,22
1323,2802869484,pace,3,513
1324,2802869484,pace,4,703
1325,2802869484,pace,5,434
1326,2802869484,pace,6,173
575,2834713015,heartrate,1,468
576,2834713015,heartrate,2,662
577,2834713015,heartrate,3,1731
578,2834713015,heartrate,4,36
579,2834713015,heartrate,5,0
1332,2834713015,pace,1,609
1333,2834713015,pace,2,1807
1334,2834713015,pace,3,434
1335,2834713015,pace,4,50
1336,2834713015,pace,5,0
1337,2834713015,pace,6,0
580,2834714318,heartrate,1,22
581,2834714318,heartrate,2,312
582,2834714318,heartrate,3,120
583,2834714318,heartrate,4,193
584,2834714318,heartrate,5,455
1343,2834714318,pace,1,0
1344,2834714318,pace,2,0
1345,2834714318,pace,3,95
1346,2834714318,pace,4,360
1347,2834714318,pace,5,553
1348,2834714318,pace,6,98
585,2844947889,heartrate,1,256
586,2844947889,heartrate,2,1482
587,2844947889,heartrate,3,961
588,2844947889,heartrate,4,0
589,2844947889,heartrate,5,0
1354,2844947889,pace,1,936
1355,2844947889,pace,2,1494
1356,2844947889,pace,3,214
1357,2844947889,pace,4,49
1358,2844947889,pace,5,8
1359,2844947889,pace,6,0
590,2848681653,heartrate,1,341
591,2848681653,heartrate,2,1592
592,2848681653,heartrate,3,163
593,2848681653,heartrate,4,0
594,2848681653,heartrate,5,0
1365,2848681653,pace,1,758
1366,2848681653,pace,2,1080
1367,2848681653,pace,3,200
1368,2848681653,pace,4,58
1369,2848681653,pace,5,2
1370,2848681653,pace,6,0
595,2851511242,heartrate,1,24
596,2851511242,heartrate,2,984
597,2851511242,heartrate,3,79
598,2851511242,heartrate,4,0
599,2851511242,heartrate,5,0
1376,2851511242,pace,1,0
1377,2851511242,pace,2,0
1378,2851511242,pace,3,38
1379,2851511242,pace,4,278
1380,2851511242,pace,5,588
1381,2851511242,pace,6,185
600,2854794955,heartrate,1,247
601,2854794955,heartrate,2,811
602,2854794955,heartrate,3,3014
603,2854794955,heartrate,4,366
604,2854794955,heartrate,5,0
1387,2854794955,pace,1,317
1388,2854794955,pace,2,2666
1389,2854794955,pace,3,1098
1390,2854794955,pace,4,268
1391,2854794955,pace,5,64
1392,2854794955,pace,6,6
605,2871266969,heartrate,1,264
606,2871266969,heartrate,2,1254
607,2871266969,heartrate,3,3101
608,2871266969,heartrate,4,250
609,2871266969,heartrate,5,0
1398,2871266969,pace,1,476
1399,2871266969,pace,2,3307
1400,2871266969,pace,3,875
1401,2871266969,pace,4,142
1402,2871266969,pace,5,55
1403,2871266969,pace,6,17
610,2879655685,heartrate,1,248
611,2879655685,heartrate,2,1707
612,2879655685,heartrate,3,405
613,2879655685,heartrate,4,8
614,2879655685,heartrate,5,0
1409,2879655685,pace,1,600
1410,2879655685,pace,2,1460
1411,2879655685,pace,3,208
1412,2879655685,pace,4,57
1413,2879655685,pace,5,29
1414,2879655685,pace,6,0
615,2887542635,heartrate,1,22
616,2887542635,heartrate,2,365
617,2887542635,heartrate,3,79
618,2887542635,heartrate,4,80
619,2887542635,heartrate,5,1280
1420,2887542635,pace,1,0
1421,2887542635,pace,2,0
1422,2887542635,pace,3,289
1423,2887542635,pace,4,868
1424,2887542635,pace,5,579
1425,2887542635,pace,6,90
620,2901383662,heartrate,1,310
621,2901383662,heartrate,2,1589
622,2901383662,heartrate,3,499
623,2901383662,heartrate,4,0
624,2901383662,heartrate,5,0
1431,2901383662,pace,1,847
1432,2901383662,pace,2,1252
1433,2901383662,pace,3,217
1434,2901383662,pace,4,52
1435,2901383662,pace,5,31
1436,2901383662,pace,6,1
625,2903714412,heartrate,1,26
626,2903714412,heartrate,2,282
627,2903714412,heartrate,3,65
628,2903714412,heartrate,4,516
629,2903714412,heartrate,5,986
1442,2903714412,pace,1,0
1443,2903714412,pace,2,211
1444,2903714412,pace,3,671
1445,2903714412,pace,4,544
1446,2903714412,pace,5,301
1447,2903714412,pace,6,149
630,2907026370,heartrate,1,672
631,2907026370,heartrate,2,1718
632,2907026370,heartrate,3,85
633,2907026370,heartrate,4,0
634,2907026370,heartrate,5,0
1453,2907026370,pace,1,646
1454,2907026370,pace,2,1545
1455,2907026370,pace,3,196
1456,2907026370,pace,4,58
1457,2907026370,pace,5,20
1458,2907026370,pace,6,0
635,2916423121,heartrate,1,198
636,2916423121,heartrate,2,1465
637,2916423121,heartrate,3,732
638,2916423121,heartrate,4,9
639,2916423121,heartrate,5,0
1464,2916423121,pace,1,747
1465,2916423121,pace,2,1221
1466,2916423121,pace,3,344
1467,2916423121,pace,4,74
1468,2916423121,pace,5,21
1469,2916423121,pace,6,0
640,2916469944,heartrate,1,9
641,2916469944,heartrate,2,25
642,2916469944,heartrate,3,66
643,2916469944,heartrate,4,367
644,2916469944,heartrate,5,647
1475,2916469944,pace,1,0
1476,2916469944,pace,2,18
1477,2916469944,pace,3,89
1478,2916469944,pace,4,445
1479,2916469944,pace,5,402
1480,2916469944,pace,6,164
645,2920069069,heartrate,1,294
646,2920069069,heartrate,2,947
647,2920069069,heartrate,3,2586
648,2920069069,heartrate,4,596
649,2920069069,heartrate,5,0
1486,2920069069,pace,1,349
1487,2920069069,pace,2,2669
1488,2920069069,pace,3,1099
1489,2920069069,pace,4,253
1490,2920069069,pace,5,56
1491,2920069069,pace,6,0
650,2924872773,heartrate,1,321
651,2924872773,heartrate,2,906
652,2924872773,heartrate,3,278
653,2924872773,heartrate,4,0
654,2924872773,heartrate,5,0
1497,2924872773,pace,1,295
1498,2924872773,pace,2,953
1499,2924872773,pace,3,193
1500,2924872773,pace,4,48
1501,2924872773,pace,5,18
1502,2924872773,pace,6,0
655,2928920339,heartrate,1,252
656,2928920339,heartrate,2,883
657,2928920339,heartrate,3,349
658,2928920339,heartrate,4,2
659,2928920339,heartrate,5,0
1508,2928920339,pace,1,313
1509,2928920339,pace,2,895
1510,2928920339,pace,3,206
1511,2928920339,pace,4,56
1512,2928920339,pace,5,19
1513,2928920339,pace,6,0
660,2931498218,heartrate,1,45
661,2931498218,heartrate,2,216
662,2931498218,heartrate,3,92
663,2931498218,heartrate,4,490
664,2931498218,heartrate,5,254
1519,2931498218,pace,1,0
1520,2931498218,pace,2,0
1521,2931498218,pace,3,99
1522,2931498218,pace,4,327
1523,2931498218,pace,5,478
1524,2931498218,pace,6,197
665,2946215645,heartrate,1,18
666,2946215645,heartrate,2,8
667,2946215645,heartrate,3,413
668,2946215645,heartrate,4,170
669,2946215645,heartrate,5,485
1530,2946215645,pace,1,0
1531,2946215645,pace,2,16
1532,2946215645,pace,3,62
1533,2946215645,pace,4,328
1534,2946215645,pace,5,512
1535,2946215645,pace,6,180
670,2949150873,heartrate,1,351
671,2949150873,heartrate,2,1176
672,2949150873,heartrate,3,3143
673,2949150873,heartrate,4,123
674,2949150873,heartrate,5,0
1541,2949150873,pace,1,684
1542,2949150873,pace,2,2826
1543,2949150873,pace,3,1065
1544,2949150873,pace,4,162
1545,2949150873,pace,5,59
1546,2949150873,pace,6,0
675,2954988988,heartrate,1,18
676,2954988988,heartrate,2,18
677,2954988988,heartrate,3,110
678,2954988988,heartrate,4,329
679,2954988988,heartrate,5,615
1552,2954988988,pace,1,0
1553,2954988988,pace,2,0
1554,2954988988,pace,3,45
1555,2954988988,pace,4,270
1556,2954988988,pace,5,573
1557,2954988988,pace,6,202
680,2956884370,heartrate,1,339
681,2956884370,heartrate,2,1412
682,2956884370,heartrate,3,179
683,2956884370,heartrate,4,0
684,2956884370,heartrate,5,0
1563,2956884370,pace,1,119
1564,2956884370,pace,2,1024
1565,2956884370,pace,3,586
1566,2956884370,pace,4,106
1567,2956884370,pace,5,50
1568,2956884370,pace,6,45
685,2961763437,heartrate,1,27
686,2961763437,heartrate,2,2
687,2961763437,heartrate,3,847
688,2961763437,heartrate,4,213
689,2961763437,heartrate,5,4
1574,2961763437,pace,1,0
1575,2961763437,pace,2,10
1576,2961763437,pace,3,92
1577,2961763437,pace,4,298
1578,2961763437,pace,5,440
1579,2961763437,pace,6,253
690,2972222569,heartrate,1,0
691,2972222569,heartrate,2,0
692,2972222569,heartrate,3,388
693,2972222569,heartrate,4,686
694,2972222569,heartrate,5,0
1585,2972222569,pace,1,0
1586,2972222569,pace,2,0
1587,2972222569,pace,3,44
1588,2972222569,pace,4,186
1589,2972222569,pace,5,585
1590,2972222569,pace,6,260
695,2983999775,heartrate,1,73
696,2983999775,heartrate,2,709
697,2983999775,heartrate,3,2933
698,2983999775,heartrate,4,367
699,2983999775,heartrate,5,0
1596,2983999775,pace,1,155
1597,2983999775,pace,2,1982
1598,2983999775,pace,3,1566
1599,2983999775,pace,4,201
1600,2983999775,pace,5,88
1601,2983999775,pace,6,50
700,2988437720,heartrate,1,322
701,2988437720,heartrate,2,1696
702,2988437720,heartrate,3,314
703,2988437720,heartrate,4,2
704,2988437720,heartrate,5,0
1607,2988437720,pace,1,328
1608,2988437720,pace,2,1582
1609,2988437720,pace,3,331
1610,2988437720,pace,4,46
1611,2988437720,pace,5,27
1612,2988437720,pace,6,0
705,2991334300,heartrate,1,126
706,2991334300,heartrate,2,829
707,2991334300,heartrate,3,397
708,2991334300,heartrate,4,28
709,2991334300,heartrate,5,0
1618,2991334300,pace,1,73
1619,2991334300,pace,2,763
1620,2991334300,pace,3,445
1621,2991334300,pace,4,62
1622,2991334300,pace,5,35
1623,2991334300,pace,6,5
710,2996991528,heartrate,1,37
711,2996991528,heartrate,2,128
712,2996991528,heartrate,3,822
713,2996991528,heartrate,4,1067
714,2996991528,heartrate,5,0
1629,2996991528,pace,1,439
1630,2996991528,pace,2,199
1631,2996991528,pace,3,166
1632,2996991528,pace,4,513
1633,2996991528,pace,5,555
1634,2996991528,pace,6,174
715,3004106991,heartrate,1,18
716,3004106991,heartrate,2,7
717,3004106991,heartrate,3,214
718,3004106991,heartrate,4,597
719,3004106991,heartrate,5,1507
1640,3004106991,pace,1,0
1641,3004106991,pace,2,227
1642,3004106991,pace,3,788
1643,3004106991,pace,4,848
1644,3004106991,pace,5,291
1645,3004106991,pace,6,193
720,3011745332,heartrate,1,100
721,3011745332,heartrate,2,824
722,3011745332,heartrate,3,519
723,3011745332,heartrate,4,0
724,3011745332,heartrate,5,0
1651,3011745332,pace,1,158
1652,3011745332,pace,2,825
1653,3011745332,pace,3,342
1654,3011745332,pace,4,69
1655,3011745332,pace,5,28
1656,3011745332,pace,6,12
725,3015296035,heartrate,1,178
726,3015296035,heartrate,2,851
727,3015296035,heartrate,3,1233
728,3015296035,heartrate,4,62
729,3015296035,heartrate,5,0
1662,3015296035,pace,1,249
1663,3015296035,pace,2,1233
1664,3015296035,pace,3,593
1665,3015296035,pace,4,183
1666,3015296035,pace,5,59
1667,3015296035,pace,6,7
730,3017615097,heartrate,1,25
731,3017615097,heartrate,2,798
732,3017615097,heartrate,3,380
733,3017615097,heartrate,4,418
734,3017615097,heartrate,5,0
1673,3017615097,pace,1,260
1674,3017615097,pace,2,258
1675,3017615097,pace,3,180
1676,3017615097,pace,4,324
1677,3017615097,pace,5,231
1678,3017615097,pace,6,371
735,3020908369,heartrate,1,18
736,3020908369,heartrate,2,19
737,3020908369,heartrate,3,340
738,3020908369,heartrate,4,245
739,3020908369,heartrate,5,436
1684,3020908369,pace,1,0
1685,3020908369,pace,2,0
1686,3020908369,pace,3,0
1687,3020908369,pace,4,156
1688,3020908369,pace,5,628
1689,3020908369,pace,6,274
740,3028890085,heartrate,1,208
741,3028890085,heartrate,2,2242
742,3028890085,heartrate,3,81
743,3028890085,heartrate,4,0
744,3028890085,heartrate,5,0
1695,3028890085,pace,1,65
1696,3028890085,pace,2,1412
1697,3028890085,pace,3,666
1698,3028890085,pace,4,246
1699,3028890085,pace,5,101
1700,3028890085,pace,6,43
745,3031654196,heartrate,1,41
746,3031654196,heartrate,2,125
747,3031654196,heartrate,3,647
748,3031654196,heartrate,4,1197
749,3031654196,heartrate,5,0
1706,3031654196,pace,1,299
1707,3031654196,pace,2,294
1708,3031654196,pace,3,139
1709,3031654196,pace,4,105
1710,3031654196,pace,5,728
1711,3031654196,pace,6,446
750,3037443047,heartrate,1,278
751,3037443047,heartrate,2,953
752,3037443047,heartrate,3,159
753,3037443047,heartrate,4,22
754,3037443047,heartrate,5,0
1717,3037443047,pace,1,104
1718,3037443047,pace,2,787
1719,3037443047,pace,3,406
1720,3037443047,pace,4,59
1721,3037443047,pace,5,53
1722,3037443047,pace,6,6
755,3040924780,heartrate,1,26
756,3040924780,heartrate,2,3
757,3040924780,heartrate,3,165
758,3040924780,heartrate,4,302
759,3040924780,heartrate,5,574
1728,3040924780,pace,1,0
1729,3040924780,pace,2,0
1730,3040924780,pace,3,4
1731,3040924780,pace,4,362
1732,3040924780,pace,5,558
1733,3040924780,pace,6,150
760,3044905086,heartrate,1,187
761,3044905086,heartrate,2,1023
762,3044905086,heartrate,3,1454
763,3044905086,heartrate,4,76
764,3044905086,heartrate,5,0
1739,3044905086,pace,1,26
1740,3044905086,pace,2,1160
1741,3044905086,pace,3,1216
1742,3044905086,pace,4,271
1743,3044905086,pace,5,44
1744,3044905086,pace,6,3
765,3051948113,heartrate,1,918
766,3051948113,heartrate,2,1576
767,3051948113,heartrate,3,412
768,3051948113,heartrate,4,10
769,3051948113,heartrate,5,0
1750,3051948113,pace,1,887
1751,3051948113,pace,2,1391
1752,3051948113,pace,3,516
1753,3051948113,pace,4,121
1754,3051948113,pace,5,4
1755,3051948113,pace,6,0
770,3054456437,heartrate,1,22
771,3054456437,heartrate,2,118
772,3054456437,heartrate,3,646
773,3054456437,heartrate,4,1220
774,3054456437,heartrate,5,0
1761,3054456437,pace,1,405
1762,3054456437,pace,2,217
1763,3054456437,pace,3,112
1764,3054456437,pace,4,145
1765,3054456437,pace,5,803
1766,3054456437,pace,6,327
775,3061139289,heartrate,1,574
776,3061139289,heartrate,2,233
777,3061139289,heartrate,3,38
778,3061139289,heartrate,4,141
779,3061139289,heartrate,5,60
1772,3061139289,pace,1,0
1773,3061139289,pace,2,0
1774,3061139289,pace,3,0
1775,3061139289,pace,4,241
1776,3061139289,pace,5,497
1777,3061139289,pace,6,312
780,3064951923,heartrate,1,157
781,3064951923,heartrate,2,873
782,3064951923,heartrate,3,1990
783,3064951923,heartrate,4,28
784,3064951923,heartrate,5,0
1783,3064951923,pace,1,54
1784,3064951923,pace,2,1452
1785,3064951923,pace,3,1322
1786,3064951923,pace,4,207
1787,3064951923,pace,5,16
1788,3064951923,pace,6,0
785,3069206231,heartrate,1,404
786,3069206231,heartrate,2,2232
787,3069206231,heartrate,3,199
788,3069206231,heartrate,4,1
789,3069206231,heartrate,5,0
1794,3069206231,pace,1,355
1795,3069206231,pace,2,2056
1796,3069206231,pace,3,372
1797,3069206231,pace,4,28
1798,3069206231,pace,5,26
1799,3069206231,pace,6,0
790,3073525786,heartrate,1,266
791,3073525786,heartrate,2,815
792,3073525786,heartrate,3,448
793,3073525786,heartrate,4,0
794,3073525786,heartrate,5,0
1805,3073525786,pace,1,146
1806,3073525786,pace,2,711
1807,3073525786,pace,3,624
1808,3073525786,pace,4,11
1809,3073525786,pace,5,15
1810,3073525786,pace,6,19
795,3077602109,heartrate,1,1
796,3077602109,heartrate,2,347
797,3077602109,heartrate,3,672
798,3077602109,heartrate,4,253
799,3077602109,heartrate,5,0
1816,3077602109,pace,1,0
1817,3077602109,pace,2,127
1818,3077602109,pace,3,88
1819,3077602109,pace,4,71
1820,3077602109,pace,5,70
1821,3077602109,pace,6,912
800,3085366693,heartrate,1,546
801,3085366693,heartrate,2,2466
802,3085366693,heartrate,3,1085
803,3085366693,heartrate,4,29
804,3085366693,heartrate,5,0
1827,3085366693,pace,1,449
1828,3085366693,pace,2,2805
1829,3085366693,pace,3,793
1830,3085366693,pace,4,82
1831,3085366693,pace,5,0
1832,3085366693,pace,6,0
805,3088899767,heartrate,1,1671
806,3088899767,heartrate,2,1122
807,3088899767,heartrate,3,99
808,3088899767,heartrate,4,0
809,3088899767,heartrate,5,0
1838,3088899767,pace,1,1015
1839,3088899767,pace,2,1459
1840,3088899767,pace,3,304
1841,3088899767,pace,4,66
1842,3088899767,pace,5,12
1843,3088899767,pace,6,0
810,3091569134,heartrate,1,2180
811,3091569134,heartrate,2,2814
812,3091569134,heartrate,3,347
813,3091569134,heartrate,4,0
814,3091569134,heartrate,5,0
1849,3091569134,pace,1,397
1850,3091569134,pace,2,1493
1851,3091569134,pace,3,134
1852,3091569134,pace,4,23
1853,3091569134,pace,5,296
1854,3091569134,pace,6,1020
815,3096151418,heartrate,1,413
816,3096151418,heartrate,2,1794
817,3096151418,heartrate,3,249
818,3096151418,heartrate,4,7
819,3096151418,heartrate,5,0
1860,3096151418,pace,1,238
1861,3096151418,pace,2,1736
1862,3096151418,pace,3,388
1863,3096151418,pace,4,67
1864,3096151418,pace,5,15
1865,3096151418,pace,6,22
820,3101510285,heartrate,1,39
821,3101510285,heartrate,2,204
822,3101510285,heartrate,3,6
823,3101510285,heartrate,4,157
824,3101510285,heartrate,5,693
1871,3101510285,pace,1,0
1872,3101510285,pace,2,0
1873,3101510285,pace,3,142
1874,3101510285,pace,4,436
1875,3101510285,pace,5,373
1876,3101510285,pace,6,152
825,3107306152,heartrate,1,693
826,3107306152,heartrate,2,2002
827,3107306152,heartrate,3,510
828,3107306152,heartrate,4,0
829,3107306152,heartrate,5,0
1882,3107306152,pace,1,623
1883,3107306152,pace,2,2024
1884,3107306152,pace,3,517
1885,3107306152,pace,4,32
1886,3107306152,pace,5,6
1887,3107306152,pace,6,0
830,3111848361,heartrate,1,1330
831,3111848361,heartrate,2,1391
832,3111848361,heartrate,3,198
833,3111848361,heartrate,4,0
834,3111848361,heartrate,5,0
1893,3111848361,pace,1,954
1894,3111848361,pace,2,1426
1895,3111848361,pace,3,240
1896,3111848361,pace,4,34
1897,3111848361,pace,5,0
1898,3111848361,pace,6,0
835,3117367456,heartrate,1,374
836,3117367456,heartrate,2,1973
837,3117367456,heartrate,3,214
838,3117367456,heartrate,4,805
839,3117367456,heartrate,5,15
1904,3117367456,pace,1,869
1905,3117367456,pace,2,638
1906,3117367456,pace,3,109
1907,3117367456,pace,4,48
1908,3117367456,pace,5,233
1909,3117367456,pace,6,932
840,3121032425,heartrate,1,215
841,3121032425,heartrate,2,469
842,3121032425,heartrate,3,92
843,3121032425,heartrate,4,0
844,3121032425,heartrate,5,0
1915,3121032425,pace,1,279
1916,3121032425,pace,2,466
1917,3121032425,pace,3,33
1918,3121032425,pace,4,0
1919,3121032425,pace,5,0
1920,3121032425,pace,6,0
845,3121033650,heartrate,1,37
846,3121033650,heartrate,2,128
847,3121033650,heartrate,3,245
848,3121033650,heartrate,4,150
849,3121033650,heartrate,5,675
1926,3121033650,pace,1,0
1927,3121033650,pace,2,0
1928,3121033650,pace,3,94
1929,3121033650,pace,4,342
1930,3121033650,pace,5,448
1931,3121033650,pace,6,228
850,3124325868,heartrate,1,887
851,3124325868,heartrate,2,1647
852,3124325868,heartrate,3,293
853,3124325868,heartrate,4,0
854,3124325868,heartrate,5,0
1937,3124325868,pace,1,458
1938,3124325868,pace,2,1749
1939,3124325868,pace,3,545
1940,3124325868,pace,4,56
1941,3124325868,pace,5,22
1942,3124325868,pace,6,0
855,3131802476,heartrate,1,547
856,3131802476,heartrate,2,1450
857,3131802476,heartrate,3,889
858,3131802476,heartrate,4,1085
859,3131802476,heartrate,5,65
1948,3131802476,pace,1,753
1949,3131802476,pace,2,695
1950,3131802476,pace,3,299
1951,3131802476,pace,4,36
1952,3131802476,pace,5,106
1953,3131802476,pace,6,927
860,3134814172,heartrate,1,1210
861,3134814172,heartrate,2,1431
862,3134814172,heartrate,3,133
863,3134814172,heartrate,4,0
864,3134814172,heartrate,5,0
1959,3134814172,pace,1,814
1960,3134814172,pace,2,1403
1961,3134814172,pace,3,455
1962,3134814172,pace,4,64
1963,3134814172,pace,5,40
1964,3134814172,pace,6,0
865,3137118618,heartrate,1,1152
866,3137118618,heartrate,2,1287
867,3137118618,heartrate,3,676
868,3137118618,heartrate,4,163
869,3137118618,heartrate,5,0
1970,3137118618,pace,1,1064
1971,3137118618,pace,2,146
1972,3137118618,pace,3,38
1973,3137118618,pace,4,15
1974,3137118618,pace,5,92
1975,3137118618,pace,6,1144
870,3140850827,heartrate,1,536
871,3140850827,heartrate,2,305
872,3140850827,heartrate,3,0
873,3140850827,heartrate,4,0
874,3140850827,heartrate,5,0
1981,3140850827,pace,1,485
1982,3140850827,pace,2,356
1983,3140850827,pace,3,0
1984,3140850827,pace,4,0
1985,3140850827,pace,5,0
1986,3140850827,pace,6,0
875,3140853012,heartrate,1,28
876,3140853012,heartrate,2,404
877,3140853012,heartrate,3,129
878,3140853012,heartrate,4,590
879,3140853012,heartrate,5,3
1992,3140853012,pace,1,0
1993,3140853012,pace,2,23
1994,3140853012,pace,3,301
1995,3140853012,pace,4,453
1996,3140853012,pace,5,250
1997,3140853012,pace,6,127
880,3147112086,heartrate,1,619
881,3147112086,heartrate,2,1266
882,3147112086,heartrate,3,743
883,3147112086,heartrate,4,15
884,3147112086,heartrate,5,0
2003,3147112086,pace,1,702
2004,3147112086,pace,2,1298
2005,3147112086,pace,3,529
2006,3147112086,pace,4,63
2007,3147112086,pace,5,44
2008,3147112086,pace,6,10
885,3151516748,heartrate,1,885
886,3151516748,heartrate,2,1906
887,3151516748,heartrate,3,1272
888,3151516748,heartrate,4,630
889,3151516748,heartrate,5,0
2014,3151516748,pace,1,939
2015,3151516748,pace,2,617
2016,3151516748,pace,3,204
2017,3151516748,pace,4,69
2018,3151516748,pace,5,31
2019,3151516748,pace,6,693
890,3157172164,heartrate,1,1060
891,3157172164,heartrate,2,617
892,3157172164,heartrate,3,1015
893,3157172164,heartrate,4,547
894,3157172164,heartrate,5,0
2025,3157172164,pace,1,1329
2026,3157172164,pace,2,320
2027,3157172164,pace,3,97
2028,3157172164,pace,4,44
2029,3157172164,pace,5,48
2030,3157172164,pace,6,828
895,3164583613,heartrate,1,1137
896,3164583613,heartrate,2,3047
897,3164583613,heartrate,3,586
898,3164583613,heartrate,4,0
899,3164583613,heartrate,5,0
2036,3164583613,pace,1,845
2037,3164583613,pace,2,3181
2038,3164583613,pace,3,702
2039,3164583613,pace,4,36
2040,3164583613,pace,5,8
2041,3164583613,pace,6,0
900,3168044859,heartrate,1,413
901,3168044859,heartrate,2,1568
902,3168044859,heartrate,3,40
903,3168044859,heartrate,4,0
904,3168044859,heartrate,5,0
2047,3168044859,pace,1,318
2048,3168044859,pace,2,1283
2049,3168044859,pace,3,416
2050,3168044859,pace,4,0
2051,3168044859,pace,5,0
2052,3168044859,pace,6,0
905,3192421487,heartrate,1,1061
906,3192421487,heartrate,2,1785
907,3192421487,heartrate,3,417
908,3192421487,heartrate,4,0
909,3192421487,heartrate,5,0
2058,3192421487,pace,1,1546
2059,3192421487,pace,2,1331
2060,3192421487,pace,3,314
2061,3192421487,pace,4,48
2062,3192421487,pace,5,18
2063,3192421487,pace,6,1
910,3195481075,heartrate,1,745
911,3195481075,heartrate,2,1557
912,3195481075,heartrate,3,218
913,3195481075,heartrate,4,0
914,3195481075,heartrate,5,0
2069,3195481075,pace,1,599
2070,3195481075,pace,2,1685
2071,3195481075,pace,3,223
2072,3195481075,pace,4,15
2073,3195481075,pace,5,0
2074,3195481075,pace,6,0
915,3199653405,heartrate,1,565
916,3199653405,heartrate,2,2897
917,3199653405,heartrate,3,1357
918,3199653405,heartrate,4,33
919,3199653405,heartrate,5,0
2080,3199653405,pace,1,3409
2081,3199653405,pace,2,1276
2082,3199653405,pace,3,102
2083,3199653405,pace,4,0
2084,3199653405,pace,5,0
2085,3199653405,pace,6,0
920,3206019360,heartrate,1,896
921,3206019360,heartrate,2,2128
922,3206019360,heartrate,3,2302
923,3206019360,heartrate,4,0
924,3206019360,heartrate,5,0
2091,3206019360,pace,1,1001
2092,3206019360,pace,2,3194
2093,3206019360,pace,3,938
2094,3206019360,pace,4,137
2095,3206019360,pace,5,34
2096,3206019360,pace,6,22
925,3214603399,heartrate,1,712
926,3214603399,heartrate,2,1658
927,3214603399,heartrate,3,736
928,3214603399,heartrate,4,0
929,3214603399,heartrate,5,0
2102,3214603399,pace,1,580
2103,3214603399,pace,2,1653
2104,3214603399,pace,3,699
2105,3214603399,pace,4,84
2106,3214603399,pace,5,40
2107,3214603399,pace,6,7
930,3221485286,heartrate,1,164
931,3221485286,heartrate,2,574
932,3221485286,heartrate,3,275
933,3221485286,heartrate,4,0
934,3221485286,heartrate,5,0
2113,3221485286,pace,1,175
2114,3221485286,pace,2,619
2115,3221485286,pace,3,198
2116,3221485286,pace,4,23
2117,3221485286,pace,5,0
2118,3221485286,pace,6,0
935,3221486681,heartrate,1,27
936,3221486681,heartrate,2,296
937,3221486681,heartrate,3,557
938,3221486681,heartrate,4,618
939,3221486681,heartrate,5,0
2124,3221486681,pace,1,322
2125,3221486681,pace,2,126
2126,3221486681,pace,3,90
2127,3221486681,pace,4,189
2128,3221486681,pace,5,544
2129,3221486681,pace,6,228
940,3221487211,heartrate,1,389
941,3221487211,heartrate,2,234
942,3221487211,heartrate,3,6
943,3221487211,heartrate,4,0
944,3221487211,heartrate,5,0
2135,3221487211,pace,1,282
2136,3221487211,pace,2,349
2137,3221487211,pace,3,0
2138,3221487211,pace,4,0
2139,3221487211,pace,5,0
2140,3221487211,pace,6,0
945,3226333723,heartrate,1,1423
946,3226333723,heartrate,2,1889
947,3226333723,heartrate,3,1108
948,3226333723,heartrate,4,23
949,3226333723,heartrate,5,0
2146,3226333723,pace,1,311
2147,3226333723,pace,2,2800
2148,3226333723,pace,3,1012
2149,3226333723,pace,4,107
2150,3226333723,pace,5,44
2151,3226333723,pace,6,0
950,3234227832,heartrate,1,575
951,3234227832,heartrate,2,2242
952,3234227832,heartrate,3,1204
953,3234227832,heartrate,4,68
954,3234227832,heartrate,5,0
2157,3234227832,pace,1,150
2158,3234227832,pace,2,2350
2159,3234227832,pace,3,1263
2160,3234227832,pace,4,257
2161,3234227832,pace,5,66
2162,3234227832,pace,6,6
955,3239724069,heartrate,1,306
956,3239724069,heartrate,2,900
957,3239724069,heartrate,3,1071
958,3239724069,heartrate,4,8
959,3239724069,heartrate,5,0
2168,3239724069,pace,1,157
2169,3239724069,pace,2,1184
2170,3239724069,pace,3,656
2171,3239724069,pace,4,230
2172,3239724069,pace,5,28
2173,3239724069,pace,6,29
960,3247506051,heartrate,1,209
961,3247506051,heartrate,2,450
962,3247506051,heartrate,3,280
963,3247506051,heartrate,4,27
964,3247506051,heartrate,5,0
2179,3247506051,pace,1,105
2180,3247506051,pace,2,629
2181,3247506051,pace,3,234
2182,3247506051,pace,4,1
2183,3247506051,pace,5,0
2184,3247506051,pace,6,0
965,3247507649,heartrate,1,125
966,3247507649,heartrate,2,125
967,3247507649,heartrate,3,764
968,3247507649,heartrate,4,598
969,3247507649,heartrate,5,7
2190,3247507649,pace,1,582
2191,3247507649,pace,2,126
2192,3247507649,pace,3,76
2193,3247507649,pace,4,42
2194,3247507649,pace,5,150
2195,3247507649,pace,6,626
970,3247508267,heartrate,1,42
971,3247508267,heartrate,2,537
972,3247508267,heartrate,3,65
973,3247508267,heartrate,4,0
974,3247508267,heartrate,5,0
2201,3247508267,pace,1,292
2202,3247508267,pace,2,354
2203,3247508267,pace,3,0
2204,3247508267,pace,4,0
2205,3247508267,pace,5,0
2206,3247508267,pace,6,0
975,3252798387,heartrate,1,313
976,3252798387,heartrate,2,1524
977,3252798387,heartrate,3,2645
978,3252798387,heartrate,4,420
979,3252798387,heartrate,5,0
2212,3252798387,pace,1,503
2213,3252798387,pace,2,3156
2214,3252798387,pace,3,1059
2215,3252798387,pace,4,103
2216,3252798387,pace,5,44
2217,3252798387,pace,6,26
980,3262744078,heartrate,1,182
981,3262744078,heartrate,2,562
982,3262744078,heartrate,3,1706
983,3262744078,heartrate,4,405
984,3262744078,heartrate,5,0
2223,3262744078,pace,1,598
2224,3262744078,pace,2,1421
2225,3262744078,pace,3,571
2226,3262744078,pace,4,146
2227,3262744078,pace,5,52
2228,3262744078,pace,6,34
985,3268219553,heartrate,1,132
986,3268219553,heartrate,2,376
987,3268219553,heartrate,3,482
988,3268219553,heartrate,4,0
989,3268219553,heartrate,5,0
2234,3268219553,pace,1,57
2235,3268219553,pace,2,590
2236,3268219553,pace,3,291
2237,3268219553,pace,4,18
2238,3268219553,pace,5,0
2239,3268219553,pace,6,0
990,3268221219,heartrate,1,140
991,3268221219,heartrate,2,287
992,3268221219,heartrate,3,698
993,3268221219,heartrate,4,269
994,3268221219,heartrate,5,0
2245,3268221219,pace,1,341
2246,3268221219,pace,2,48
2247,3268221219,pace,3,32
2248,3268221219,pace,4,64
2249,3268221219,pace,5,318
2250,3268221219,pace,6,591
995,3268221925,heartrate,1,60
996,3268221925,heartrate,2,373
997,3268221925,heartrate,3,51
998,3268221925,heartrate,4,0
999,3268221925,heartrate,5,0
2256,3268221925,pace,1,173
2257,3268221925,pace,2,312
2258,3268221925,pace,3,0
2259,3268221925,pace,4,0
2260,3268221925,pace,5,0
2261,3268221925,pace,6,0
1000,3274443776,heartrate,1,622
1001,3274443776,heartrate,2,969
1002,3274443776,heartrate,3,681
1003,3274443776,heartrate,4,12
1004,3274443776,heartrate,5,0
2267,3274443776,pace,1,561
2268,3274443776,pace,2,1019
2269,3274443776,pace,3,534
2270,3274443776,pace,4,111
2271,3274443776,pace,5,35
2272,3274443776,pace,6,24
1005,3287806747,heartrate,1,232
1006,3287806747,heartrate,2,1449
1007,3287806747,heartrate,3,3579
1008,3287806747,heartrate,4,497
1009,3287806747,heartrate,5,0
2278,3287806747,pace,1,1211
2279,3287806747,pace,2,3436
2280,3287806747,pace,3,971
2281,3287806747,pace,4,97
2282,3287806747,pace,5,39
2283,3287806747,pace,6,6
1010,3298132930,heartrate,1,560
1011,3298132930,heartrate,2,839
1012,3298132930,heartrate,3,1814
1013,3298132930,heartrate,4,36
1014,3298132930,heartrate,5,0
2289,3298132930,pace,1,351
2290,3298132930,pace,2,1906
2291,3298132930,pace,3,801
2292,3298132930,pace,4,71
2293,3298132930,pace,5,21
2294,3298132930,pace,6,20
1015,3303827572,heartrate,1,40
1016,3303827572,heartrate,2,201
1017,3303827572,heartrate,3,470
1018,3303827572,heartrate,4,50
1019,3303827572,heartrate,5,0
2300,3303827572,pace,1,12
2301,3303827572,pace,2,412
2302,3303827572,pace,3,337
2303,3303827572,pace,4,0
2304,3303827572,pace,5,0
2305,3303827572,pace,6,0
1020,3303830053,heartrate,1,137
1021,3303830053,heartrate,2,433
1022,3303830053,heartrate,3,159
1023,3303830053,heartrate,4,335
1024,3303830053,heartrate,5,307
2311,3303830053,pace,1,334
2312,3303830053,pace,2,54
2313,3303830053,pace,3,30
2314,3303830053,pace,4,18
2315,3303830053,pace,5,155
2316,3303830053,pace,6,777
1025,3303831127,heartrate,1,43
1026,3303831127,heartrate,2,324
1027,3303831127,heartrate,3,213
1028,3303831127,heartrate,4,0
1029,3303831127,heartrate,5,0
2322,3303831127,pace,1,333
2323,3303831127,pace,2,250
2324,3303831127,pace,3,0
2325,3303831127,pace,4,0
2326,3303831127,pace,5,0
2327,3303831127,pace,6,0
1030,3316903599,heartrate,1,300
1031,3316903599,heartrate,2,2695
1032,3316903599,heartrate,3,3275
1033,3316903599,heartrate,4,331
1034,3316903599,heartrate,5,0
2333,3316903599,pace,1,1518
2334,3316903599,pace,2,4087
2335,3316903599,pace,3,932
2336,3316903599,pace,4,64
2337,3316903599,pace,5,0
2338,3316903599,pace,6,0
1035,3326731293,heartrate,1,25
1036,3326731293,heartrate,2,1441
1037,3326731293,heartrate,3,1536
1038,3326731293,heartrate,4,46
1039,3326731293,heartrate,5,0
2344,3326731293,pace,1,508
2345,3326731293,pace,2,2084
2346,3326731293,pace,3,378
2347,3326731293,pace,4,55
2348,3326731293,pace,5,26
2349,3326731293,pace,6,0
1040,3332525992,heartrate,1,67
1041,3332525992,heartrate,2,496
1042,3332525992,heartrate,3,347
1043,3332525992,heartrate,4,0
1044,3332525992,heartrate,5,0
2355,3332525992,pace,1,16
2356,3332525992,pace,2,630
2357,3332525992,pace,3,194
2358,3332525992,pace,4,0
2359,3332525992,pace,5,0
2360,3332525992,pace,6,0
1045,3332528445,heartrate,1,209
1046,3332528445,heartrate,2,264
1047,3332528445,heartrate,3,333
1048,3332528445,heartrate,4,570
1049,3332528445,heartrate,5,21
2366,3332528445,pace,1,353
2367,3332528445,pace,2,48
2368,3332528445,pace,3,33
2369,3332528445,pace,4,54
2370,3332528445,pace,5,324
2371,3332528445,pace,6,585
1050,3332529356,heartrate,1,73
1051,3332529356,heartrate,2,410
1052,3332529356,heartrate,3,51
1053,3332529356,heartrate,4,0
1054,3332529356,heartrate,5,0
2377,3332529356,pace,1,185
2378,3332529356,pace,2,269
2379,3332529356,pace,3,32
2380,3332529356,pace,4,0
2381,3332529356,pace,5,0
2382,3332529356,pace,6,0
1055,3341652256,heartrate,1,73
1056,3341652256,heartrate,2,895
1057,3341652256,heartrate,3,1941
1058,3341652256,heartrate,4,57
1059,3341652256,heartrate,5,0
2388,3341652256,pace,1,1145
2389,3341652256,pace,2,1548
2390,3341652256,pace,3,263
2391,3341652256,pace,4,11
2392,3341652256,pace,5,0
2393,3341652256,pace,6,0
1060,3355309602,heartrate,1,153
1061,3355309602,heartrate,2,1021
1062,3355309602,heartrate,3,4282
1063,3355309602,heartrate,4,626
1064,3355309602,heartrate,5,0
2399,3355309602,pace,1,1653
2400,3355309602,pace,2,3725
2401,3355309602,pace,3,623
2402,3355309602,pace,4,72
2403,3355309602,pace,5,9
2404,3355309602,pace,6,0
1065,3367299997,heartrate,1,208
1066,3367299997,heartrate,2,772
1067,3367299997,heartrate,3,1579
1068,3367299997,heartrate,4,136
1069,3367299997,heartrate,5,0
2410,3367299997,pace,1,629
2411,3367299997,pace,2,1372
2412,3367299997,pace,3,545
2413,3367299997,pace,4,109
2414,3367299997,pace,5,27
2415,3367299997,pace,6,3
